date,1. open,2. high,3. low,4. close,5. volume
2019-08-02 09:31:00,89.1384,90.3,89.1,89.885,0.0
2019-08-02 09:33:00,89.72,89.84,89.68,89.84,1111.0
2019-08-02 09:35:00,89.93,89.99,89.86,89.89,1873.0
2019-08-02 09:36:00,89.87,89.93,89.83,89.83,1001.0
2019-08-02 09:37:00,89.75,89.83,89.75,89.83,319.0
2019-08-02 09:38:00,89.9,89.9,89.65,89.65,2589.0
2019-08-02 09:39:00,89.78,89.8,89.78,89.8,639.0
2019-08-02 09:40:00,89.82,89.82,89.74,89.74,455.0
2019-08-02 09:41:00,89.785,89.85,89.69,89.69,1504.0
2019-08-02 09:42:00,89.83,89.86,89.83,89.86,448.0
2019-08-02 09:43:00,89.69,89.775,89.69,89.775,1189.0
2019-08-02 09:45:00,89.79,89.89,89.79,89.89,5273.0
2019-08-02 09:47:00,89.92,89.92,89.92,89.92,135.0
2019-08-02 09:48:00,89.82,89.86,89.8,89.81,1421.0
2019-08-02 09:49:00,89.79,89.86,89.78,89.86,556.0
2019-08-02 09:50:00,89.85,89.85,89.7326,89.7326,973.0
2019-08-02 09:51:00,89.81,89.815,89.8,89.815,301.0
2019-08-02 09:52:00,89.815,89.86,89.81,89.825,829.0
2019-08-02 09:53:00,89.87,89.87,89.82,89.845,1504.0
2019-08-02 09:54:00,89.92,89.92,89.92,89.92,114.0
2019-08-02 09:55:00,90.01,90.01,90.01,90.01,101.0
2019-08-02 09:56:00,90.01,90.05,90.0,90.05,622.0
2019-08-02 09:57:00,90.0,90.0,89.94,89.96,1930.0
2019-08-02 09:58:00,89.97,90.04,89.97,90.04,640.0
2019-08-02 09:59:00,90.01,90.02,90.0,90.0,695.0
2019-08-02 10:00:00,90.03,90.04,90.03,90.04,414.0
2019-08-02 10:01:00,89.99,90.06,89.97,90.06,2207.0
2019-08-02 10:02:00,90.04,90.04,89.89,89.89,1639.0
2019-08-02 10:03:00,89.93,89.94,89.93,89.94,429.0
2019-08-02 10:05:00,89.93,90.0,89.93,89.94,3346.0
2019-08-02 10:06:00,89.96,90.02,89.96,90.02,810.0
2019-08-02 10:07:00,90.04,90.04,90.0119,90.0119,2064.0
2019-08-02 10:08:00,89.99,89.99,89.9475,89.9475,1091.0
2019-08-02 10:09:00,89.95,89.95,89.95,89.95,101.0
2019-08-02 10:10:00,90.0,90.02,89.98,89.99,1219.0
2019-08-02 10:11:00,89.96,89.98,89.88,89.91,1642.0
2019-08-02 10:12:00,89.85,89.9,89.85,89.9,1253.0
2019-08-02 10:13:00,89.85,89.88,89.76,89.76,899.0
2019-08-02 10:14:00,89.76,89.83,89.76,89.83,2089.0
2019-08-02 10:15:00,89.82,89.82,89.81,89.81,702.0
2019-08-02 10:16:00,89.785,89.785,89.7,89.7,1776.0
2019-08-02 10:17:00,89.7,89.7,89.7,89.7,501.0
2019-08-02 10:18:00,89.81,89.81,89.81,89.81,451.0
2019-08-02 10:19:00,89.77,89.77,89.69,89.71,2333.0
2019-08-02 10:20:00,89.6968,89.71,89.61,89.61,1049.0
2019-08-02 10:21:00,89.64,89.64,89.54,89.54,1299.0
2019-08-02 10:22:00,89.53,89.58,89.53,89.58,466.0
2019-08-02 10:23:00,89.6,89.64,89.59,89.64,1736.0
2019-08-02 10:24:00,89.6,89.63,89.54,89.63,3174.0
2019-08-02 10:25:00,89.63,89.67,89.63,89.65,988.0
2019-08-02 10:26:00,89.64,89.68,89.53,89.575,4949.0
2019-08-02 10:27:00,89.585,89.64,89.585,89.64,1870.0
2019-08-02 10:28:00,89.67,89.6774,89.61,89.61,2582.0
2019-08-02 10:29:00,89.5928,89.67,89.59,89.59,4409.0
2019-08-02 10:30:00,89.59,89.59,89.59,89.59,244.0
2019-08-02 10:31:00,89.58,89.58,89.52,89.52,863.0
2019-08-02 10:32:00,89.51,89.51,89.45,89.45,1125.0
2019-08-02 10:33:00,89.46,89.46,89.42,89.425,536.0
2019-08-02 10:34:00,89.43,89.43,89.3567,89.3567,968.0
2019-08-02 10:35:00,89.35,89.37,89.16,89.18,10106.0
2019-08-02 10:36:00,89.24,89.25,89.08,89.17,6194.0
2019-08-02 10:37:00,89.13,89.16,89.09,89.09,1627.0
2019-08-02 10:38:00,89.09,89.09,89.01,89.07,4946.0
2019-08-02 10:39:00,89.16,89.16,89.16,89.16,553.0
2019-08-02 10:40:00,89.21,89.21,89.2,89.205,922.0
2019-08-02 10:41:00,89.19,89.19,89.19,89.19,430.0
2019-08-02 10:42:00,89.18,89.18,89.18,89.18,149.0
2019-08-02 10:43:00,89.19,89.19,89.1,89.1,5012.0
2019-08-02 10:45:00,89.1634,89.17,89.06,89.17,5172.0
2019-08-02 10:46:00,89.16,89.23,89.16,89.21,1332.0
2019-08-02 10:47:00,89.21,89.21,89.19,89.19,772.0
2019-08-02 10:48:00,89.19,89.23,89.185,89.23,647.0
2019-08-02 10:49:00,89.2,89.2,89.17,89.195,657.0
2019-08-02 10:50:00,89.22,89.22,89.17,89.17,899.0
2019-08-02 10:51:00,89.185,89.185,89.15,89.15,261.0
2019-08-02 10:52:00,89.14,89.18,89.14,89.18,623.0
2019-08-02 10:53:00,89.145,89.15,89.11,89.11,519.0
2019-08-02 10:54:00,89.18,89.18,89.14,89.16,1028.0
2019-08-02 10:55:00,89.135,89.2,89.09,89.2,485.0
2019-08-02 10:56:00,89.16,89.16,89.16,89.16,105.0
2019-08-02 10:57:00,89.16,89.16,89.13,89.15,611.0
2019-08-02 10:58:00,89.21,89.23,89.21,89.23,1713.0
2019-08-02 10:59:00,89.215,89.215,89.16,89.205,576.0
2019-08-02 11:00:00,89.18,89.19,89.14,89.14,868.0
2019-08-02 11:01:00,89.16,89.16,89.1,89.11,897.0
2019-08-02 11:02:00,89.11,89.11,89.06,89.105,1114.0
2019-08-02 11:03:00,89.06,89.15,89.06,89.15,1515.0
2019-08-02 11:04:00,89.12,89.14,89.09,89.095,1780.0
2019-08-02 11:05:00,89.1,89.1,89.1,89.1,266.0
2019-08-02 11:06:00,89.12,89.18,89.12,89.13,1790.0
2019-08-02 11:07:00,89.13,89.13,89.1,89.12,1120.0
2019-08-02 11:08:00,89.06,89.09,89.06,89.09,247.0
2019-08-02 11:09:00,89.13,89.13,89.1,89.1,1003.0
2019-08-02 11:10:00,89.1,89.115,89.09,89.09,604.0
2019-08-02 11:11:00,89.11,89.13,89.09,89.11,1717.0
2019-08-02 11:12:00,89.15,89.15,89.12,89.14,1789.0
2019-08-02 11:13:00,89.14,89.16,89.13,89.14,1911.0
2019-08-02 11:14:00,89.135,89.155,89.09,89.09,1212.0
2019-08-02 11:15:00,89.1,89.1,89.07,89.07,1372.0
2019-08-02 11:16:00,89.075,89.11,89.055,89.09,2061.0
2019-08-02 11:17:00,89.1,89.1,89.1,89.1,130.0
2019-08-02 11:18:00,89.11,89.16,89.1,89.16,3632.0
2019-08-02 11:19:00,89.19,89.22,89.175,89.19,2372.0
2019-08-02 11:20:00,89.215,89.215,89.2,89.2,306.0
2019-08-02 11:21:00,89.19,89.19,89.125,89.155,1523.0
2019-08-02 11:22:00,89.145,89.145,89.11,89.11,646.0
2019-08-02 11:23:00,89.12,89.13,89.1,89.13,2533.0
2019-08-02 11:24:00,89.15,89.18,89.13,89.155,1729.0
2019-08-02 11:25:00,89.16,89.16,89.14,89.16,1292.0
2019-08-02 11:26:00,89.165,89.19,89.16,89.17,1207.0
2019-08-02 11:27:00,89.16,89.16,89.16,89.16,124.0
2019-08-02 11:28:00,89.16,89.16,89.14,89.15,1259.0
2019-08-02 11:29:00,89.16,89.2,89.16,89.2,1456.0
2019-08-02 11:30:00,89.19,89.19,89.15,89.15,1077.0
2019-08-02 11:31:00,89.175,89.195,89.17,89.19,1209.0
2019-08-02 11:32:00,89.22,89.24,89.22,89.24,763.0
2019-08-02 11:34:00,89.24,89.25,89.15,89.17,2048.0
2019-08-02 11:35:00,89.185,89.19,89.17,89.17,1235.0
2019-08-02 11:36:00,89.18,89.18,89.18,89.18,221.0
2019-08-02 11:37:00,89.19,89.19,89.17,89.17,1170.0
2019-08-02 11:38:00,89.21,89.21,89.15,89.15,1259.0
2019-08-02 11:39:00,89.115,89.15,89.115,89.15,202.0
2019-08-02 11:40:00,89.11,89.13,89.11,89.13,445.0
2019-08-02 11:41:00,89.05,89.05,88.985,88.985,7579.0
2019-08-02 11:42:00,89.02,89.03,89.005,89.03,1749.0
2019-08-02 11:43:00,89.0501,89.15,89.03,89.15,6767.0
2019-08-02 11:44:00,89.15,89.15,89.11,89.15,1814.0
2019-08-02 11:45:00,89.16,89.16,89.12,89.15,1885.0
2019-08-02 11:46:00,89.15,89.17,89.15,89.17,697.0
2019-08-02 11:47:00,89.17,89.17,89.14,89.16,3201.0
2019-08-02 11:48:00,89.16,89.16,89.1378,89.16,1845.0
2019-08-02 11:49:00,89.16,89.17,89.15,89.17,2142.0
2019-08-02 11:50:00,89.19,89.22,89.19,89.21,1610.0
2019-08-02 11:51:00,89.23,89.265,89.1851,89.1851,4272.0
2019-08-02 11:52:00,89.2251,89.28,89.2251,89.28,2467.0
2019-08-02 11:53:00,89.3,89.33,89.24,89.27,3253.0
2019-08-02 11:54:00,89.26,89.36,89.26,89.32,1222.0
2019-08-02 11:55:00,89.35,89.41,89.33,89.4,1121.0
2019-08-02 11:56:00,89.44,89.45,89.43,89.445,3413.0
2019-08-02 11:57:00,89.46,89.48,89.42,89.42,2023.0
2019-08-02 11:58:00,89.43,89.48,89.41,89.45,2512.0
2019-08-02 12:00:00,89.52,89.52,89.52,89.52,3178.0
2019-08-02 12:01:00,89.54,89.56,89.54,89.56,2353.0
2019-08-02 12:02:00,89.56,89.57,89.53,89.53,1543.0
2019-08-02 12:03:00,89.556,89.57,89.556,89.57,1388.0
2019-08-02 12:05:00,89.61,89.61,89.61,89.61,1731.0
2019-08-02 12:06:00,89.61,89.61,89.61,89.61,2396.0
2019-08-02 12:07:00,89.59,89.6,89.555,89.555,1848.0
2019-08-02 12:08:00,89.56,89.63,89.56,89.63,771.0
2019-08-02 12:09:00,89.63,89.68,89.63,89.68,1366.0
2019-08-02 12:10:00,89.68,89.69,89.68,89.69,856.0
2019-08-02 12:11:00,89.68,89.7,89.68,89.7,403.0
2019-08-02 12:12:00,89.68,89.7,89.675,89.69,2791.0
2019-08-02 12:13:00,89.68,89.68,89.65,89.68,1784.0
2019-08-02 12:14:00,89.68,89.68,89.67,89.67,1696.0
2019-08-02 12:15:00,89.64,89.66,89.62,89.66,1018.0
2019-08-02 12:16:00,89.68,89.71,89.66,89.66,914.0
2019-08-02 12:17:00,89.66,89.66,89.64,89.65,2278.0
2019-08-02 12:18:00,89.69,89.71,89.69,89.71,2154.0
2019-08-02 12:19:00,89.67,89.725,89.67,89.725,3401.0
2019-08-02 12:20:00,89.74,89.75,89.74,89.75,1354.0
2019-08-02 12:21:00,89.75,89.765,89.75,89.765,917.0
2019-08-02 12:22:00,89.77,89.79,89.77,89.77,3244.0
2019-08-02 12:23:00,89.77,89.8,89.75,89.8,1541.0
2019-08-02 12:24:00,89.78,89.78,89.74,89.74,223.0
2019-08-02 12:25:00,89.74,89.78,89.74,89.77,3372.0
2019-08-02 12:26:00,89.78,89.79,89.78,89.79,411.0
2019-08-02 12:27:00,89.81,89.81,89.77,89.79,2254.0
2019-08-02 12:28:00,89.775,89.775,89.775,89.775,144.0
2019-08-02 12:29:00,89.81,89.83,89.78,89.81,2119.0
2019-08-02 12:30:00,89.83,89.84,89.82,89.825,1392.0
2019-08-02 12:31:00,89.88,89.88,89.88,89.88,1109.0
2019-08-02 12:32:00,89.85,89.87,89.82,89.82,3584.0
2019-08-02 12:33:00,89.83,89.84,89.82,89.84,1221.0
2019-08-02 12:34:00,89.81,89.83,89.79,89.83,1348.0
2019-08-02 12:35:00,89.85,89.89,89.85,89.86,1103.0
2019-08-02 12:36:00,89.86,89.89,89.86,89.88,847.0
2019-08-02 12:37:00,89.86,89.88,89.825,89.85,6250.0
2019-08-02 12:38:00,89.83,89.89,89.825,89.89,2048.0
2019-08-02 12:39:00,89.89,89.91,89.88,89.88,962.0
2019-08-02 12:40:00,89.9,89.9,89.87,89.87,853.0
2019-08-02 12:41:00,89.85,89.86,89.85,89.86,418.0
2019-08-02 12:42:00,89.8419,89.8419,89.79,89.83,1705.0
2019-08-02 12:43:00,89.79,89.81,89.79,89.81,724.0
2019-08-02 12:44:00,89.82,89.9,89.81,89.9,1495.0
2019-08-02 12:45:00,89.89,89.93,89.89,89.91,1312.0
2019-08-02 12:46:00,89.89,89.91,89.866,89.88,1424.0
2019-08-02 12:47:00,89.85,89.85,89.81,89.815,2351.0
2019-08-02 12:48:00,89.8,89.8,89.78,89.78,619.0
2019-08-02 12:49:00,89.78,89.8,89.77,89.77,1586.0
2019-08-02 12:50:00,89.76,89.77,89.74,89.74,1407.0
2019-08-02 12:52:00,89.7,89.77,89.7,89.75,1563.0
2019-08-02 12:53:00,89.74,89.74,89.73,89.73,622.0
2019-08-02 12:54:00,89.74,89.75,89.73,89.74,715.0
2019-08-02 12:55:00,89.71,89.71,89.66,89.68,1749.0
2019-08-02 12:56:00,89.67,89.71,89.67,89.69,1224.0
2019-08-02 12:57:00,89.655,89.655,89.64,89.64,421.0
2019-08-02 12:58:00,89.65,89.65,89.58,89.61,914.0
2019-08-02 12:59:00,89.59,89.6,89.58,89.58,622.0
2019-08-02 13:00:00,89.56,89.575,89.56,89.575,414.0
2019-08-02 13:01:00,89.54,89.58,89.54,89.54,1788.0
2019-08-02 13:02:00,89.53,89.56,89.49,89.5,2833.0
2019-08-02 13:03:00,89.53,89.55,89.53,89.55,444.0
2019-08-02 13:04:00,89.55,89.58,89.53,89.55,1720.0
2019-08-02 13:05:00,89.52,89.54,89.52,89.54,702.0
2019-08-02 13:06:00,89.52,89.52,89.51,89.51,507.0
2019-08-02 13:07:00,89.52,89.54,89.5,89.54,1312.0
2019-08-02 13:08:00,89.52,89.56,89.52,89.56,585.0
2019-08-02 13:09:00,89.53,89.54,89.5,89.52,1031.0
2019-08-02 13:10:00,89.52,89.57,89.52,89.57,1284.0
2019-08-02 13:11:00,89.56,89.56,89.53,89.53,899.0
2019-08-02 13:12:00,89.47,89.5,89.43,89.46,1469.0
2019-08-02 13:13:00,89.46,89.47,89.43,89.46,1627.0
2019-08-02 13:14:00,89.47,89.51,89.46,89.5,1653.0
2019-08-02 13:15:00,89.48,89.49,89.42,89.43,654.0
2019-08-02 13:16:00,89.43,89.46,89.43,89.44,910.0
2019-08-02 13:17:00,89.44,89.48,89.44,89.48,1232.0
2019-08-02 13:18:00,89.44,89.45,89.41,89.41,925.0
2019-08-02 13:19:00,89.4,89.43,89.3823,89.43,2324.0
2019-08-02 13:20:00,89.39,89.43,89.39,89.43,3845.0
2019-08-02 13:21:00,89.4,89.43,89.38,89.43,2006.0
2019-08-02 13:22:00,89.42,89.43,89.4,89.43,913.0
2019-08-02 13:23:00,89.43,89.48,89.43,89.455,1603.0
2019-08-02 13:24:00,89.44,89.46,89.44,89.46,675.0
2019-08-02 13:25:00,89.41,89.44,89.41,89.44,838.0
2019-08-02 13:26:00,89.45,89.45,89.42,89.43,1202.0
2019-08-02 13:27:00,89.415,89.43,89.415,89.43,411.0
2019-08-02 13:28:00,89.41,89.44,89.41,89.42,1446.0
2019-08-02 13:29:00,89.45,89.45,89.4,89.4,382.0
2019-08-02 13:30:00,89.44,89.44,89.4,89.425,1710.0
2019-08-02 13:31:00,89.4,89.45,89.4,89.41,1180.0
2019-08-02 13:32:00,89.44,89.44,89.365,89.37,1441.0
2019-08-02 13:33:00,89.36,89.38,89.36,89.36,403.0
2019-08-02 13:34:00,89.365,89.39,89.35,89.38,1775.0
2019-08-02 13:35:00,89.37,89.37,89.35,89.35,1003.0
2019-08-02 13:36:00,89.36,89.38,89.33,89.35,1100.0
2019-08-02 13:37:00,89.335,89.335,89.31,89.31,458.0
2019-08-02 13:38:00,89.325,89.325,89.28,89.31,2263.0
2019-08-02 13:39:00,89.31,89.32,89.31,89.32,309.0
2019-08-02 13:40:00,89.34,89.36,89.34,89.36,606.0
2019-08-02 13:41:00,89.37,89.38,89.36,89.38,915.0
2019-08-02 13:42:00,89.37,89.44,89.37,89.42,3337.0
2019-08-02 13:43:00,89.39,89.43,89.39,89.4081,1044.0
2019-08-02 13:44:00,89.41,89.45,89.41,89.44,2037.0
2019-08-02 13:45:00,89.43,89.44,89.41,89.43,640.0
2019-08-02 13:46:00,89.42,89.49,89.42,89.49,2244.0
2019-08-02 13:47:00,89.49,89.49,89.46,89.47,848.0
2019-08-02 13:48:00,89.49,89.51,89.46,89.48,1660.0
2019-08-02 13:49:00,89.45,89.46,89.45,89.46,396.0
2019-08-02 13:50:00,89.43,89.44,89.42,89.425,1604.0
2019-08-02 13:51:00,89.42,89.42,89.42,89.42,248.0
2019-08-02 13:52:00,89.43,89.44,89.43,89.44,500.0
2019-08-02 13:53:00,89.47,89.47,89.42,89.47,1626.0
2019-08-02 13:54:00,89.41,89.45,89.41,89.44,1213.0
2019-08-02 13:55:00,89.44,89.46,89.43,89.44,1654.0
2019-08-02 13:56:00,89.445,89.48,89.43,89.48,1886.0
2019-08-02 13:57:00,89.47,89.49,89.45,89.47,917.0
2019-08-02 13:58:00,89.45,89.45,89.43,89.43,1548.0
2019-08-02 13:59:00,89.47,89.48,89.43,89.48,1028.0
2019-08-02 14:00:00,89.48,89.49,89.44,89.44,2393.0
2019-08-02 14:01:00,89.44,89.47,89.43,89.43,3943.0
2019-08-02 14:02:00,89.41,89.45,89.41,89.45,1828.0
2019-08-02 14:03:00,89.44,89.45,89.4,89.4,1271.0
2019-08-02 14:04:00,89.43,89.43,89.43,89.43,100.0
2019-08-02 14:05:00,89.48,89.51,89.48,89.5,3532.0
2019-08-02 14:08:00,89.7,89.7,89.63,89.65,7280.0
2019-08-02 14:09:00,89.65,89.68,89.65,89.65,410.0
2019-08-02 14:10:00,89.64,89.65,89.61,89.61,1199.0
2019-08-02 14:11:00,89.63,89.65,89.61,89.62,2326.0
2019-08-02 14:12:00,89.62,89.64,89.62,89.62,1213.0
2019-08-02 14:13:00,89.62,89.64,89.62,89.63,877.0
2019-08-02 14:14:00,89.64,89.67,89.64,89.66,2316.0
2019-08-02 14:15:00,89.6688,89.7,89.64,89.7,1501.0
2019-08-02 14:16:00,89.67,89.74,89.67,89.68,1280.0
2019-08-02 14:17:00,89.68,89.7,89.67,89.67,1574.0
2019-08-02 14:18:00,89.67,89.69,89.62,89.635,2266.0
2019-08-02 14:19:00,89.655,89.68,89.63,89.68,548.0
2019-08-02 14:20:00,89.67,89.69,89.67,89.69,517.0
2019-08-02 14:21:00,89.69,89.71,89.67,89.68,1864.0
2019-08-02 14:22:00,89.665,89.68,89.65,89.68,1400.0
2019-08-02 14:23:00,89.69,89.7,89.66,89.69,970.0
2019-08-02 14:24:00,89.71,89.75,89.71,89.745,1386.0
2019-08-02 14:25:00,89.79,89.83,89.78,89.795,4214.0
2019-08-02 14:26:00,89.8,89.84,89.8,89.81,1706.0
2019-08-02 14:27:00,89.81,89.81,89.77,89.78,2245.0
2019-08-02 14:28:00,89.78,89.78,89.75,89.76,842.0
2019-08-02 14:29:00,89.73,89.76,89.71,89.75,1959.0
2019-08-02 14:30:00,89.71,89.76,89.71,89.74,1736.0
2019-08-02 14:31:00,89.75,89.76,89.74,89.74,651.0
2019-08-02 14:32:00,89.76,89.77,89.74,89.75,1337.0
2019-08-02 14:33:00,89.75,89.75,89.74,89.75,484.0
2019-08-02 14:34:00,89.74,89.77,89.7,89.74,2231.0
2019-08-02 14:35:00,89.74,89.76,89.72,89.75,1122.0
2019-08-02 14:37:00,89.7,89.78,89.7,89.78,1595.0
2019-08-02 14:38:00,89.82,89.82,89.76,89.79,867.0
2019-08-02 14:39:00,89.7776,89.79,89.75,89.79,1166.0
2019-08-02 14:40:00,89.78,89.79,89.77,89.77,612.0
2019-08-02 14:41:00,89.8,89.8,89.74,89.75,2404.0
2019-08-02 14:42:00,89.75,89.75,89.69,89.72,682.0
2019-08-02 14:43:00,89.69,89.75,89.69,89.72,1429.0
2019-08-02 14:44:00,89.79,89.79,89.76,89.79,878.0
2019-08-02 14:45:00,89.76,89.765,89.73,89.765,871.0
2019-08-02 14:46:00,89.76,89.76,89.735,89.735,553.0
2019-08-02 14:47:00,89.72,89.75,89.72,89.72,1116.0
2019-08-02 14:48:00,89.7,89.72,89.65,89.65,1302.0
2019-08-02 14:49:00,89.67,89.69,89.64,89.66,2601.0
2019-08-02 14:50:00,89.63,89.68,89.63,89.68,1128.0
2019-08-02 14:51:00,89.64,89.67,89.64,89.67,1381.0
2019-08-02 14:52:00,89.6406,89.66,89.6406,89.66,672.0
2019-08-02 14:53:00,89.65,89.67,89.63,89.66,1967.0
2019-08-02 14:54:00,89.64,89.66,89.62,89.62,1726.0
2019-08-02 14:55:00,89.67,89.69,89.66,89.67,813.0
2019-08-02 14:56:00,89.65,89.67,89.63,89.66,1843.0
2019-08-02 14:57:00,89.63,89.63,89.59,89.61,1409.0
2019-08-02 14:58:00,89.61,89.67,89.61,89.67,1095.0
2019-08-02 14:59:00,89.665,89.665,89.665,89.665,101.0
2019-08-02 15:00:00,89.665,89.72,89.665,89.72,932.0
2019-08-02 15:01:00,89.73,89.78,89.71,89.75,2672.0
2019-08-02 15:02:00,89.775,89.84,89.775,89.84,2048.0
2019-08-02 15:03:00,89.81,89.84,89.81,89.84,2916.0
2019-08-02 15:04:00,89.81,89.89,89.8,89.88,2351.0
2019-08-02 15:05:00,89.89,89.89,89.84,89.86,1826.0
2019-08-02 15:06:00,89.85,89.88,89.85,89.88,505.0
2019-08-02 15:07:00,89.86,89.89,89.84,89.84,929.0
2019-08-02 15:08:00,89.83,89.83,89.78,89.78,2515.0
2019-08-02 15:09:00,89.82,89.87,89.82,89.87,1001.0
2019-08-02 15:10:00,89.82,89.82,89.8,89.8,325.0
2019-08-02 15:11:00,89.78,89.81,89.78,89.81,309.0
2019-08-02 15:12:00,89.76,89.76,89.73,89.74,2863.0
2019-08-02 15:13:00,89.72,89.78,89.72,89.78,1065.0
2019-08-02 15:14:00,89.77,89.78,89.73,89.74,1062.0
2019-08-02 15:15:00,89.76,89.77,89.725,89.77,1017.0
2019-08-02 15:16:00,89.74,89.76,89.73,89.74,1185.0
2019-08-02 15:17:00,89.75,89.76,89.69,89.73,2469.0
2019-08-02 15:18:00,89.73,89.75,89.72,89.75,1283.0
2019-08-02 15:19:00,89.81,89.81,89.77,89.8,1603.0
2019-08-02 15:20:00,89.8,89.83,89.8,89.8,684.0
2019-08-02 15:21:00,89.8,89.88,89.8,89.88,2028.0
2019-08-02 15:22:00,89.87,89.885,89.82,89.82,1100.0
2019-08-02 15:23:00,89.88,89.95,89.86,89.91,1700.0
2019-08-02 15:24:00,89.89,89.95,89.89,89.91,1699.0
2019-08-02 15:25:00,89.95,89.95,89.92,89.95,1725.0
2019-08-02 15:26:00,89.92,89.98,89.92,89.98,1197.0
2019-08-02 15:27:00,89.99,90.08,89.975,90.02,4774.0
2019-08-02 15:28:00,90.01,90.01,89.95,89.98,1510.0
2019-08-02 15:29:00,90.005,90.03,89.97,90.02,1323.0
2019-08-02 15:30:00,90.0,90.0,89.97,89.99,3366.0
2019-08-02 15:31:00,89.98,90.005,89.96,90.0,1808.0
2019-08-02 15:32:00,90.0,90.1,90.0,90.04,2637.0
2019-08-02 15:33:00,90.02,90.04,89.97,89.98,1760.0
2019-08-02 15:34:00,89.98,90.01,89.96,90.0,2137.0
2019-08-02 15:35:00,89.99,90.03,89.97,90.03,1073.0
2019-08-02 15:36:00,90.03,90.07,90.01,90.07,2692.0
2019-08-02 15:37:00,90.07,90.31,90.07,90.3,7589.0
2019-08-02 15:38:00,90.26,90.46,90.24,90.32,13379.0
2019-08-02 15:39:00,90.31,90.33,90.22,90.22,3081.0
2019-08-02 15:40:00,90.21,90.23,90.15,90.18,2150.0
2019-08-02 15:41:00,90.2,90.23,90.11,90.15,2342.0
2019-08-02 15:42:00,90.14,90.19,90.09,90.09,1673.0
2019-08-02 15:43:00,90.09,90.12,90.04,90.07,4065.0
2019-08-02 15:44:00,90.08,90.1,90.04,90.1,3804.0
2019-08-02 15:45:00,90.11,90.16,90.11,90.13,4932.0
2019-08-02 15:46:00,90.15,90.18,90.06,90.08,5776.0
2019-08-02 15:47:00,90.07,90.09,90.04,90.09,4789.0
2019-08-02 15:48:00,90.1,90.11,90.06,90.08,3707.0
2019-08-02 15:49:00,90.07,90.11,90.06,90.11,4873.0
2019-08-02 15:50:00,90.11,90.13,90.07,90.07,4746.0
2019-08-02 15:51:00,90.07,90.09,90.04,90.07,12561.0
2019-08-02 15:52:00,90.04,90.07,89.99,90.01,8427.0
2019-08-02 15:53:00,90.0,90.05,89.98,89.98,7190.0
2019-08-02 15:54:00,89.98,90.0,89.87,89.89,13251.0
2019-08-02 15:55:00,89.89,89.94,89.875,89.88,20165.0
2019-08-02 15:56:00,89.87,90.03,89.87,90.02,20160.0
2019-08-02 15:57:00,90.01,90.07,89.99,90.07,20421.0
2019-08-02 15:58:00,90.05,90.09,90.01,90.01,21330.0
2019-08-02 15:59:00,90.02,90.05,90.01,90.04,23312.0
2019-08-02 16:00:00,90.03,90.09,89.99,90.04,36034.0
2019-08-05 09:31:00,89.02,89.02,88.76,88.87,11938.0
2019-08-05 09:32:00,88.87,89.08,88.75,89.08,4121.0
2019-08-05 09:33:00,89.07,89.1851,88.995,89.1851,3686.0
2019-08-05 09:34:00,89.2,89.2,89.09,89.0982,826.0
2019-08-05 09:35:00,89.18,89.19,89.04,89.04,15046.0
2019-08-05 09:37:00,88.98,88.98,88.85,88.85,921.0
2019-08-05 09:38:00,88.92,88.92,88.92,88.92,371.0
2019-08-05 09:39:00,88.97,88.97,88.94,88.94,992.0
2019-08-05 09:41:00,88.98,89.0,88.98,88.99,524.0
2019-08-05 09:42:00,88.92,89.06,88.92,89.02,1086.0
2019-08-05 09:43:00,89.01,89.01,88.95,88.95,2084.0
2019-08-05 09:44:00,88.9,88.9,88.89,88.89,957.0
2019-08-05 09:45:00,88.84,88.9,88.84,88.89,1679.0
2019-08-05 09:46:00,88.9,88.9,88.9,88.9,147.0
2019-08-05 09:47:00,88.93,88.93,88.93,88.93,312.0
2019-08-05 09:48:00,88.8,88.835,88.8,88.835,477.0
2019-08-05 09:49:00,88.8,88.88,88.76,88.88,2116.0
2019-08-05 09:50:00,88.93,88.93,88.93,88.93,128.0
2019-08-05 09:51:00,88.88,88.9,88.8276,88.8276,1371.0
2019-08-05 09:52:00,88.89,88.91,88.89,88.91,638.0
2019-08-05 09:53:00,88.9,88.9,88.77,88.78,2443.0
2019-08-05 09:54:00,88.76,88.81,88.76,88.81,800.0
2019-08-05 09:55:00,88.82,88.82,88.82,88.82,225.0
2019-08-05 09:56:00,88.895,88.93,88.895,88.93,383.0
2019-08-05 09:57:00,88.89,88.96,88.85,88.88,3486.0
2019-08-05 09:58:00,88.88,88.92,88.85,88.92,1728.0
2019-08-05 09:59:00,88.89,88.94,88.88,88.88,839.0
2019-08-05 10:00:00,88.88,88.88,88.805,88.805,2292.0
2019-08-05 10:01:00,88.79,88.8,88.75,88.8,1482.0
2019-08-05 10:02:00,88.785,88.84,88.785,88.81,1448.0
2019-08-05 10:03:00,88.87,88.87,88.76,88.78,2420.0
2019-08-05 10:04:00,88.77,88.77,88.71,88.71,909.0
2019-08-05 10:05:00,88.76,88.76,88.67,88.67,1807.0
2019-08-05 10:06:00,88.71,88.76,88.68,88.69,1707.0
2019-08-05 10:07:00,88.72,88.76,88.72,88.76,673.0
2019-08-05 10:08:00,88.75,88.75,88.75,88.75,341.0
2019-08-05 10:09:00,88.74,88.775,88.73,88.75,4080.0
2019-08-05 10:10:00,88.74,88.74,88.74,88.74,327.0
2019-08-05 10:12:00,88.7,88.7,88.7,88.7,501.0
2019-08-05 10:13:00,88.72,88.72,88.67,88.69,3140.0
2019-08-05 10:14:00,88.62,88.62,88.62,88.62,340.0
2019-08-05 10:15:00,88.6,88.6,88.6,88.6,640.0
2019-08-05 10:16:00,88.58,88.63,88.57,88.63,1477.0
2019-08-05 10:17:00,88.59,88.63,88.58,88.63,2419.0
2019-08-05 10:18:00,88.63,88.65,88.621,88.635,1621.0
2019-08-05 10:19:00,88.64,88.64,88.58,88.58,1969.0
2019-08-05 10:20:00,88.56,88.56,88.5,88.52,1279.0
2019-08-05 10:21:00,88.45,88.465,88.36,88.375,6845.0
2019-08-05 10:22:00,88.39,88.42,88.36,88.42,3483.0
2019-08-05 10:23:00,88.425,88.44,88.34,88.34,3478.0
2019-08-05 10:24:00,88.35,88.35,88.29,88.29,1808.0
2019-08-05 10:25:00,88.32,88.36,88.32,88.33,1059.0
2019-08-05 10:26:00,88.3,88.3,88.25,88.29,1971.0
2019-08-05 10:27:00,88.3,88.3,88.28,88.28,522.0
2019-08-05 10:28:00,88.255,88.3,88.23,88.3,3069.0
2019-08-05 10:29:00,88.29,88.35,88.27,88.35,2566.0
2019-08-05 10:30:00,88.32,88.34,88.29,88.31,2674.0
2019-08-05 10:31:00,88.3,88.32,88.27,88.31,2522.0
2019-08-05 10:32:00,88.31,88.33,88.26,88.29,4447.0
2019-08-05 10:33:00,88.322,88.38,88.3,88.38,1659.0
2019-08-05 10:34:00,88.39,88.39,88.35,88.35,2027.0
2019-08-05 10:35:00,88.2986,88.3,88.24,88.24,1412.0
2019-08-05 10:36:00,88.23,88.24,88.19,88.23,2184.0
2019-08-05 10:37:00,88.19,88.28,88.18,88.28,997.0
2019-08-05 10:38:00,88.28,88.3,88.25,88.28,2441.0
2019-08-05 10:39:00,88.22,88.27,88.18,88.18,4347.0
2019-08-05 10:40:00,88.19,88.27,88.19,88.25,1983.0
2019-08-05 10:41:00,88.24,88.24,88.21,88.22,1548.0
2019-08-05 10:42:00,88.24,88.24,88.2,88.2,2032.0
2019-08-05 10:43:00,88.2,88.2,88.0801,88.0927,2899.0
2019-08-05 10:44:00,88.11,88.14,88.1,88.1,1846.0
2019-08-05 10:45:00,88.14,88.14,88.09,88.09,1625.0
2019-08-05 10:46:00,88.105,88.14,88.105,88.14,710.0
2019-08-05 10:47:00,88.15,88.15,88.11,88.11,2042.0
2019-08-05 10:48:00,88.12,88.16,88.11,88.1373,2324.0
2019-08-05 10:49:00,88.13,88.13,88.13,88.13,815.0
2019-08-05 10:50:00,88.14,88.14,88.09,88.1,1655.0
2019-08-05 10:51:00,88.09,88.12,88.09,88.12,1345.0
2019-08-05 10:52:00,88.1,88.1,87.93,87.93,17083.0
2019-08-05 10:53:00,87.97,88.08,87.97,88.08,2700.0
2019-08-05 10:54:00,88.09,88.14,88.09,88.09,2250.0
2019-08-05 10:55:00,88.1,88.18,88.1,88.17,4656.0
2019-08-05 10:56:00,88.14,88.16,88.14,88.14,1777.0
2019-08-05 10:57:00,88.15,88.15,88.13,88.15,1268.0
2019-08-05 10:58:00,88.145,88.145,88.145,88.145,165.0
2019-08-05 10:59:00,88.17,88.21,88.16,88.17,3357.0
2019-08-05 11:00:00,88.19,88.205,88.19,88.2,2025.0
2019-08-05 11:01:00,88.17,88.2,88.15,88.19,906.0
2019-08-05 11:02:00,88.24,88.27,88.24,88.27,2441.0
2019-08-05 11:03:00,88.28,88.28,88.28,88.28,807.0
2019-08-05 11:04:00,88.3,88.35,88.3,88.305,3085.0
2019-08-05 11:05:00,88.26,88.28,88.25,88.26,871.0
2019-08-05 11:06:00,88.26,88.27,88.2,88.2,797.0
2019-08-05 11:07:00,88.21,88.26,88.21,88.26,1298.0
2019-08-05 11:08:00,88.31,88.3203,88.31,88.3203,508.0
2019-08-05 11:09:00,88.34,88.34,88.34,88.34,822.0
2019-08-05 11:10:00,88.32,88.33,88.285,88.31,2375.0
2019-08-05 11:11:00,88.2804,88.35,88.2804,88.33,1833.0
2019-08-05 11:12:00,88.36,88.43,88.36,88.41,529.0
2019-08-05 11:13:00,88.41,88.43,88.41,88.43,400.0
2019-08-05 11:14:00,88.47,88.49,88.45,88.47,2053.0
2019-08-05 11:15:00,88.465,88.465,88.45,88.45,838.0
2019-08-05 11:16:00,88.47,88.47,88.38,88.41,2076.0
2019-08-05 11:17:00,88.4,88.42,88.39,88.42,668.0
2019-08-05 11:18:00,88.42,88.48,88.42,88.48,1332.0
2019-08-05 11:19:00,88.5,88.5,88.49,88.49,213.0
2019-08-05 11:20:00,88.49,88.49,88.47,88.47,524.0
2019-08-05 11:21:00,88.49,88.53,88.49,88.53,1277.0
2019-08-05 11:22:00,88.52,88.53,88.43,88.43,3463.0
2019-08-05 11:23:00,88.45,88.51,88.45,88.505,2744.0
2019-08-05 11:24:00,88.49,88.49,88.45,88.48,1522.0
2019-08-05 11:25:00,88.49,88.49,88.46,88.46,403.0
2019-08-05 11:26:00,88.42,88.44,88.34,88.34,2263.0
2019-08-05 11:27:00,88.37,88.37,88.37,88.37,368.0
2019-08-05 11:28:00,88.4,88.43,88.325,88.325,1929.0
2019-08-05 11:29:00,88.35,88.36,88.34,88.34,671.0
2019-08-05 11:30:00,88.28,88.28,88.25,88.25,1563.0
2019-08-05 11:31:00,88.23,88.23,88.19,88.22,748.0
2019-08-05 11:32:00,88.22,88.22,88.2,88.2,1342.0
2019-08-05 11:33:00,88.15,88.16,88.15,88.155,556.0
2019-08-05 11:34:00,88.14,88.18,88.12,88.17,1000.0
2019-08-05 11:35:00,88.19,88.19,88.07,88.07,2303.0
2019-08-05 11:36:00,88.06,88.08,88.03,88.08,1449.0
2019-08-05 11:37:00,88.11,88.12,88.0606,88.07,1956.0
2019-08-05 11:39:00,88.06,88.06,88.06,88.06,1270.0
2019-08-05 11:40:00,88.05,88.05,88.02,88.02,241.0
2019-08-05 11:41:00,88.0266,88.035,88.01,88.02,1592.0
2019-08-05 11:42:00,87.97,87.98,87.96,87.98,1281.0
2019-08-05 11:43:00,88.02,88.06,88.02,88.06,885.0
2019-08-05 11:44:00,88.04,88.07,88.035,88.045,722.0
2019-08-05 11:45:00,88.02,88.06,88.01,88.02,1521.0
2019-08-05 11:46:00,88.04,88.18,88.04,88.18,1834.0
2019-08-05 11:47:00,88.16,88.16,88.13,88.15,2418.0
2019-08-05 11:48:00,88.13,88.14,88.06,88.07,5118.0
2019-08-05 11:49:00,88.1,88.15,88.075,88.135,1310.0
2019-08-05 11:50:00,88.135,88.14,88.12,88.12,2214.0
2019-08-05 11:51:00,88.12,88.13,88.09,88.1076,2401.0
2019-08-05 11:52:00,88.085,88.13,88.085,88.13,1124.0
2019-08-05 11:54:00,88.15,88.15,88.15,88.15,1150.0
2019-08-05 11:55:00,88.17,88.22,88.17,88.22,1932.0
2019-08-05 11:56:00,88.25,88.25,88.09,88.12,2779.0
2019-08-05 11:57:00,88.12,88.1722,88.09,88.1722,1667.0
2019-08-05 11:58:00,88.15,88.18,88.125,88.14,2597.0
2019-08-05 12:00:00,88.1,88.1,88.04,88.04,1740.0
2019-08-05 12:01:00,88.04,88.04,88.01,88.0238,4335.0
2019-08-05 12:02:00,88.03,88.03,87.99,88.02,1336.0
2019-08-05 12:03:00,88.01,88.05,88.01,88.05,1193.0
2019-08-05 12:04:00,88.02,88.03,87.97,87.97,1198.0
2019-08-05 12:06:00,87.97,88.0,87.95,87.9511,2635.0
2019-08-05 12:07:00,87.95,88.0,87.93,88.0,1959.0
2019-08-05 12:08:00,87.97,87.985,87.96,87.96,1514.0
2019-08-05 12:09:00,87.99,88.0,87.975,87.975,2065.0
2019-08-05 12:10:00,87.95,87.95,87.9,87.9,1992.0
2019-08-05 12:11:00,87.88,87.88,87.82,87.82,2810.0
2019-08-05 12:12:00,87.85,87.8596,87.85,87.8596,452.0
2019-08-05 12:13:00,87.84,87.85,87.78,87.78,1196.0
2019-08-05 12:14:00,87.77,87.795,87.76,87.76,802.0
2019-08-05 12:15:00,87.84,87.84,87.785,87.785,1521.0
2019-08-05 12:16:00,87.8,87.81,87.8,87.81,518.0
2019-08-05 12:17:00,87.79,87.79,87.71,87.72,5014.0
2019-08-05 12:18:00,87.75,87.75,87.73,87.74,1825.0
2019-08-05 12:19:00,87.72,87.72,87.68,87.7,1256.0
2019-08-05 12:20:00,87.73,87.77,87.71,87.76,7827.0
2019-08-05 12:21:00,87.75,87.76,87.745,87.745,974.0
2019-08-05 12:22:00,87.77,87.78,87.76,87.78,1026.0
2019-08-05 12:23:00,87.79,87.83,87.79,87.83,2319.0
2019-08-05 12:24:00,87.83,87.84,87.795,87.83,1419.0
2019-08-05 12:25:00,87.81,87.83,87.79,87.83,1133.0
2019-08-05 12:26:00,87.84,87.86,87.815,87.825,1856.0
2019-08-05 12:27:00,87.78,87.78,87.7,87.71,4420.0
2019-08-05 12:28:00,87.71,87.72,87.58,87.58,4119.0
2019-08-05 12:29:00,87.6521,87.6521,87.6521,87.6521,613.0
2019-08-05 12:30:00,87.69,87.69,87.675,87.675,1087.0
2019-08-05 12:31:00,87.68,87.71,87.68,87.71,651.0
2019-08-05 12:32:00,87.74,87.78,87.73,87.77,2110.0
2019-08-05 12:33:00,87.73,87.74,87.73,87.74,1588.0
2019-08-05 12:34:00,87.72,87.73,87.7,87.72,2187.0
2019-08-05 12:36:00,87.705,87.72,87.68,87.69,1980.0
2019-08-05 12:37:00,87.74,87.76,87.73,87.73,1114.0
2019-08-05 12:38:00,87.7,87.72,87.665,87.665,2512.0
2019-08-05 12:39:00,87.66,87.665,87.64,87.64,836.0
2019-08-05 12:40:00,87.655,87.655,87.6,87.62,1911.0
2019-08-05 12:41:00,87.625,87.625,87.625,87.625,406.0
2019-08-05 12:42:00,87.66,87.66,87.59,87.59,1775.0
2019-08-05 12:43:00,87.59,87.59,87.54,87.545,1861.0
2019-08-05 12:44:00,87.56,87.58,87.49,87.53,3301.0
2019-08-05 12:45:00,87.52,87.52,87.4743,87.4743,1324.0
2019-08-05 12:46:00,87.4619,87.4882,87.42,87.42,4071.0
2019-08-05 12:47:00,87.41,87.47,87.41,87.455,904.0
2019-08-05 12:48:00,87.45,87.46,87.39,87.39,2052.0
2019-08-05 12:49:00,87.39,87.4,87.344,87.38,1979.0
2019-08-05 12:50:00,87.36,87.37,87.33,87.35,2196.0
2019-08-05 12:51:00,87.31,87.35,87.29,87.35,2264.0
2019-08-05 12:52:00,87.35,87.38,87.35,87.38,1221.0
2019-08-05 12:53:00,87.375,87.5,87.375,87.5,2413.0
2019-08-05 12:54:00,87.51,87.52,87.44,87.47,2935.0
2019-08-05 12:55:00,87.43,87.46,87.42,87.43,1462.0
2019-08-05 12:56:00,87.41,87.41,87.25,87.33,7586.0
2019-08-05 12:57:00,87.32,87.33,87.32,87.32,540.0
2019-08-05 12:58:00,87.34,87.35,87.31,87.35,1588.0
2019-08-05 12:59:00,87.36,87.37,87.34,87.35,2745.0
2019-08-05 13:00:00,87.33,87.33,87.32,87.33,790.0
2019-08-05 13:01:00,87.32,87.39,87.3,87.3,4404.0
2019-08-05 13:02:00,87.28,87.315,87.28,87.315,1625.0
2019-08-05 13:03:00,87.29,87.31,87.29,87.31,1171.0
2019-08-05 13:04:00,87.3,87.33,87.29,87.33,1141.0
2019-08-05 13:05:00,87.315,87.33,87.3,87.3,2025.0
2019-08-05 13:06:00,87.295,87.32,87.295,87.32,1527.0
2019-08-05 13:07:00,87.38,87.41,87.38,87.41,1481.0
2019-08-05 13:08:00,87.405,87.405,87.34,87.355,1437.0
2019-08-05 13:09:00,87.365,87.45,87.365,87.45,2031.0
2019-08-05 13:10:00,87.44,87.47,87.44,87.465,3816.0
2019-08-05 13:11:00,87.48,87.54,87.48,87.54,3847.0
2019-08-05 13:12:00,87.53,87.53,87.51,87.53,654.0
2019-08-05 13:13:00,87.55,87.57,87.54,87.55,2208.0
2019-08-05 13:14:00,87.54,87.54,87.53,87.53,1099.0
2019-08-05 13:15:00,87.55,87.56,87.53,87.56,2741.0
2019-08-05 13:16:00,87.58,87.6,87.57,87.59,1653.0
2019-08-05 13:17:00,87.6,87.6,87.52,87.55,3151.0
2019-08-05 13:18:00,87.56,87.56,87.52,87.53,1552.0
2019-08-05 13:19:00,87.55,87.55,87.55,87.55,564.0
2019-08-05 13:20:00,87.56,87.62,87.56,87.62,1815.0
2019-08-05 13:21:00,87.601,87.63,87.6,87.63,2805.0
2019-08-05 13:22:00,87.61,87.61,87.5895,87.5895,1175.0
2019-08-05 13:23:00,87.6,87.62,87.59,87.62,3121.0
2019-08-05 13:24:00,87.6,87.6,87.56,87.6,2094.0
2019-08-05 13:25:00,87.56,87.59,87.5568,87.59,1767.0
2019-08-05 13:26:00,87.59,87.59,87.54,87.54,2084.0
2019-08-05 13:27:00,87.56,87.56,87.5,87.52,2623.0
2019-08-05 13:28:00,87.52,87.56,87.515,87.56,2246.0
2019-08-05 13:29:00,87.56,87.57,87.56,87.57,1240.0
2019-08-05 13:30:00,87.55,87.57,87.55,87.56,2658.0
2019-08-05 13:31:00,87.52,87.52,87.44,87.44,2176.0
2019-08-05 13:32:00,87.45,87.45,87.45,87.45,585.0
2019-08-05 13:33:00,87.48,87.52,87.48,87.52,568.0
2019-08-05 13:34:00,87.5,87.53,87.5,87.53,1742.0
2019-08-05 13:35:00,87.52,87.6,87.52,87.58,3819.0
2019-08-05 13:36:00,87.58,87.6,87.58,87.6,844.0
2019-08-05 13:37:00,87.59,87.615,87.58,87.615,1758.0
2019-08-05 13:38:00,87.64,87.65,87.64,87.65,601.0
2019-08-05 13:39:00,87.63,87.67,87.63,87.67,2884.0
2019-08-05 13:40:00,87.69,87.76,87.69,87.76,1789.0
2019-08-05 13:41:00,87.75,87.75,87.67,87.67,4381.0
2019-08-05 13:42:00,87.68,87.68,87.62,87.635,1969.0
2019-08-05 13:43:00,87.63,87.63,87.59,87.59,1578.0
2019-08-05 13:44:00,87.56,87.56,87.51,87.51,2168.0
2019-08-05 13:45:00,87.48,87.48,87.44,87.48,3380.0
2019-08-05 13:46:00,87.47,87.47,87.47,87.47,210.0
2019-08-05 13:47:00,87.47,87.47,87.44,87.46,1003.0
2019-08-05 13:48:00,87.4466,87.46,87.4466,87.46,1834.0
2019-08-05 13:49:00,87.46,87.467,87.46,87.467,831.0
2019-08-05 13:50:00,87.49,87.5,87.46,87.46,2095.0
2019-08-05 13:51:00,87.45,87.45,87.415,87.415,2313.0
2019-08-05 13:52:00,87.39,87.39,87.34,87.38,1090.0
2019-08-05 13:53:00,87.39,87.42,87.39,87.4,2254.0
2019-08-05 13:54:00,87.39,87.41,87.35,87.38,3057.0
2019-08-05 13:55:00,87.3773,87.3773,87.354,87.354,1905.0
2019-08-05 13:56:00,87.36,87.3657,87.335,87.3657,1638.0
2019-08-05 13:57:00,87.39,87.39,87.36,87.38,1987.0
2019-08-05 13:58:00,87.36,87.4,87.36,87.4,1047.0
2019-08-05 13:59:00,87.4,87.41,87.35,87.36,1933.0
2019-08-05 14:00:00,87.33,87.34,87.3,87.3,3318.0
2019-08-05 14:01:00,87.3063,87.34,87.26,87.26,2666.0
2019-08-05 14:02:00,87.25,87.29,87.25,87.29,1703.0
2019-08-05 14:03:00,87.28,87.3,87.25,87.27,2886.0
2019-08-05 14:04:00,87.3,87.31,87.3,87.31,205.0
2019-08-05 14:05:00,87.3,87.31,87.25,87.26,2961.0
2019-08-05 14:06:00,87.23,87.24,87.22,87.24,1125.0
2019-08-05 14:07:00,87.26,87.33,87.26,87.3,3343.0
2019-08-05 14:08:00,87.29,87.29,87.29,87.29,654.0
2019-08-05 14:09:00,87.27,87.28,87.25,87.255,888.0
2019-08-05 14:10:00,87.24,87.24,87.23,87.23,1621.0
2019-08-05 14:11:00,87.2,87.23,87.19,87.23,1941.0
2019-08-05 14:12:00,87.23,87.2664,87.22,87.2664,2348.0
2019-08-05 14:13:00,87.23,87.23,87.2184,87.23,1190.0
2019-08-05 14:14:00,87.21,87.31,87.2,87.31,2714.0
2019-08-05 14:15:00,87.32,87.33,87.29,87.29,2045.0
2019-08-05 14:16:00,87.29,87.29,87.21,87.21,2408.0
2019-08-05 14:17:00,87.24,87.28,87.24,87.26,3076.0
2019-08-05 14:18:00,87.29,87.3,87.28,87.3,717.0
2019-08-05 14:19:00,87.28,87.28,87.23,87.24,2470.0
2019-08-05 14:20:00,87.2401,87.247,87.21,87.21,1781.0
2019-08-05 14:21:00,87.22,87.24,87.22,87.2328,2209.0
2019-08-05 14:22:00,87.25,87.29,87.25,87.25,3934.0
2019-08-05 14:23:00,87.23,87.23,87.15,87.17,4522.0
2019-08-05 14:24:00,87.17,87.17,87.14,87.14,1813.0
2019-08-05 14:25:00,87.0983,87.15,87.0983,87.15,1864.0
2019-08-05 14:26:00,87.15,87.16,87.08,87.08,2343.0
2019-08-05 14:27:00,87.06,87.07,86.97,86.98,6219.0
2019-08-05 14:28:00,86.985,86.985,86.95,86.95,1510.0
2019-08-05 14:29:00,86.97,86.97,86.92,86.92,1330.0
2019-08-05 14:30:00,86.87,86.91,86.8669,86.9,3611.0
2019-08-05 14:31:00,86.9,86.92,86.89,86.89,1544.0
2019-08-05 14:32:00,86.9,86.93,86.9,86.93,1735.0
2019-08-05 14:33:00,86.87,86.87,86.8065,86.8065,4127.0
2019-08-05 14:34:00,86.84,86.89,86.84,86.85,2061.0
2019-08-05 14:35:00,86.9,86.94,86.9,86.93,3065.0
2019-08-05 14:36:00,86.93,86.9458,86.92,86.9458,1039.0
2019-08-05 14:37:00,86.95,86.95,86.92,86.95,2635.0
2019-08-05 14:38:00,86.94,86.95,86.87,86.87,1543.0
2019-08-05 14:39:00,86.825,86.84,86.825,86.84,1087.0
2019-08-05 14:40:00,86.84,86.85,86.77,86.77,2306.0
2019-08-05 14:41:00,86.79,86.82,86.7699,86.78,1849.0
2019-08-05 14:42:00,86.775,86.7787,86.74,86.77,2174.0
2019-08-05 14:43:00,86.75,86.78,86.75,86.78,1215.0
2019-08-05 14:44:00,86.755,86.755,86.66,86.68,2461.0
2019-08-05 14:45:00,86.67,86.67,86.59,86.59,2214.0
2019-08-05 14:46:00,86.58,86.62,86.58,86.61,1710.0
2019-08-05 14:47:00,86.61,86.65,86.61,86.65,1621.0
2019-08-05 14:48:00,86.7,86.75,86.68,86.73,2621.0
2019-08-05 14:49:00,86.72,86.72,86.67,86.68,2161.0
2019-08-05 14:50:00,86.61,86.61,86.61,86.61,401.0
2019-08-05 14:51:00,86.6,86.67,86.58,86.67,1741.0
2019-08-05 14:52:00,86.65,86.65,86.56,86.57,1969.0
2019-08-05 14:53:00,86.56,86.6,86.53,86.6,2248.0
2019-08-05 14:54:00,86.57,86.57,86.53,86.53,2049.0
2019-08-05 14:55:00,86.54,86.54,86.48,86.51,2301.0
2019-08-05 14:56:00,86.51,86.51,86.494,86.494,1135.0
2019-08-05 14:57:00,86.48,86.48,86.42,86.42,2948.0
2019-08-05 14:58:00,86.45,86.45,86.45,86.45,538.0
2019-08-05 14:59:00,86.49,86.52,86.49,86.52,1271.0
2019-08-05 15:00:00,86.49,86.53,86.48,86.48,2974.0
2019-08-05 15:01:00,86.5099,86.56,86.4806,86.49,2415.0
2019-08-05 15:02:00,86.46,86.47,86.42,86.42,2376.0
2019-08-05 15:03:00,86.4,86.42,86.31,86.31,2024.0
2019-08-05 15:04:00,86.315,86.315,86.21,86.2506,2393.0
2019-08-05 15:05:00,86.22,86.25,86.2,86.2,3177.0
2019-08-05 15:06:00,86.165,86.18,86.06,86.08,3035.0
2019-08-05 15:07:00,86.08,86.13,86.08,86.12,5715.0
2019-08-05 15:08:00,86.11,86.11,86.04,86.04,3126.0
2019-08-05 15:09:00,86.03,86.06,86.01,86.03,3853.0
2019-08-05 15:10:00,86.01,86.01,85.9,85.95,6407.0
2019-08-05 15:11:00,85.99,86.05,85.98,86.045,4053.0
2019-08-05 15:12:00,86.07,86.24,86.07,86.24,3461.0
2019-08-05 15:13:00,86.25,86.29,86.23,86.25,4969.0
2019-08-05 15:14:00,86.28,86.34,86.26,86.3,5166.0
2019-08-05 15:15:00,86.3,86.3,86.24,86.295,4263.0
2019-08-05 15:16:00,86.26,86.27,86.13,86.13,3273.0
2019-08-05 15:17:00,86.12,86.15,86.06,86.06,2767.0
2019-08-05 15:18:00,86.1,86.29,86.1,86.29,3604.0
2019-08-05 15:19:00,86.28,86.4,86.28,86.4,3646.0
2019-08-05 15:20:00,86.42,86.52,86.42,86.49,7475.0
2019-08-05 15:21:00,86.53,86.59,86.52,86.55,3488.0
2019-08-05 15:22:00,86.55,86.57,86.52,86.55,4116.0
2019-08-05 15:23:00,86.54,86.56,86.52,86.56,1258.0
2019-08-05 15:24:00,86.58,86.64,86.58,86.6,2569.0
2019-08-05 15:25:00,86.56,86.565,86.46,86.5,3619.0
2019-08-05 15:26:00,86.57,86.6547,86.5111,86.64,5340.0
2019-08-05 15:27:00,86.59,86.6,86.53,86.53,3445.0
2019-08-05 15:28:00,86.515,86.535,86.5,86.535,1444.0
2019-08-05 15:29:00,86.56,86.57,86.48,86.48,2671.0
2019-08-05 15:30:00,86.48,86.54,86.48,86.51,4616.0
2019-08-05 15:31:00,86.48,86.54,86.45,86.49,5445.0
2019-08-05 15:32:00,86.44,86.45,86.37,86.37,3450.0
2019-08-05 15:33:00,86.4,86.49,86.37,86.47,9108.0
2019-08-05 15:34:00,86.5,86.63,86.5,86.61,8446.0
2019-08-05 15:35:00,86.61,86.72,86.58,86.65,4276.0
2019-08-05 15:36:00,86.64,86.67,86.57,86.615,8322.0
2019-08-05 15:37:00,86.64,86.72,86.61,86.695,6065.0
2019-08-05 15:38:00,86.76,86.76,86.705,86.72,3557.0
2019-08-05 15:39:00,86.76,86.76,86.68,86.68,3861.0
2019-08-05 15:40:00,86.7,86.74,86.65,86.65,4465.0
2019-08-05 15:41:00,86.65,86.7,86.6,86.6,4021.0
2019-08-05 15:42:00,86.6,86.61,86.58,86.61,5903.0
2019-08-05 15:43:00,86.66,86.78,86.66,86.7499,6731.0
2019-08-05 15:44:00,86.75,86.82,86.71,86.74,10686.0
2019-08-05 15:45:00,86.73,86.82,86.7,86.795,3489.0
2019-08-05 15:46:00,86.81,86.85,86.785,86.785,4781.0
2019-08-05 15:47:00,86.78,86.81,86.74,86.74,5256.0
2019-08-05 15:48:00,86.75,86.77,86.64,86.6524,5988.0
2019-08-05 15:49:00,86.65,86.65,86.59,86.64,4446.0
2019-08-05 15:50:00,86.6,86.62,86.56,86.6,5657.0
2019-08-05 15:51:00,86.55,86.56,86.46,86.46,7966.0
2019-08-05 15:52:00,86.49,86.55,86.49,86.5,7049.0
2019-08-05 15:53:00,86.53,86.53,86.41,86.41,9040.0
2019-08-05 15:54:00,86.42,86.52,86.42,86.49,11029.0
2019-08-05 15:55:00,86.49,86.61,86.475,86.57,8203.0
2019-08-05 15:56:00,86.58,86.59,86.515,86.53,16724.0
2019-08-05 15:57:00,86.54,86.56,86.51,86.56,10176.0
2019-08-05 15:58:00,86.54,86.56,86.48,86.48,11285.0
2019-08-05 15:59:00,86.505,86.51,86.47,86.47,15909.0
2019-08-05 16:00:00,86.48,86.56,86.44,86.45,29464.0
2019-08-06 09:31:00,86.72,86.72,86.53,86.53,9679.0
2019-08-06 09:32:00,86.8158,86.8158,86.8158,86.8158,190.0
2019-08-06 09:33:00,86.715,86.7643,86.715,86.7643,407.0
2019-08-06 09:34:00,86.78,86.78,86.35,86.48,3801.0
2019-08-06 09:35:00,86.57,86.61,86.53,86.61,1858.0
2019-08-06 09:36:00,86.56,86.87,86.56,86.87,8399.0
2019-08-06 09:37:00,86.93,86.93,86.84,86.84,810.0
2019-08-06 09:38:00,86.95,86.95,86.89,86.89,1559.0
2019-08-06 09:39:00,87.06,87.09,87.06,87.09,351.0
2019-08-06 09:40:00,87.1415,87.1415,87.1415,87.1415,263.0
2019-08-06 09:41:00,87.2,87.28,87.2,87.28,871.0
2019-08-06 09:42:00,87.18,87.33,87.17,87.33,994.0
2019-08-06 09:43:00,87.26,87.63,87.26,87.63,6969.0
2019-08-06 09:45:00,87.6,87.63,87.525,87.525,2400.0
2019-08-06 09:46:00,87.44,87.5,87.42,87.42,749.0
2019-08-06 09:47:00,87.34,87.36,87.29,87.36,700.0
2019-08-06 09:48:00,87.34,87.34,87.15,87.2,2346.0
2019-08-06 09:49:00,87.24,87.25,87.23,87.23,780.0
2019-08-06 09:50:00,87.295,87.33,87.27,87.3,5045.0
2019-08-06 09:51:00,87.275,87.3,87.15,87.22,3962.0
2019-08-06 09:52:00,87.28,87.3,87.17,87.3,1783.0
2019-08-06 09:53:00,87.35,87.45,87.35,87.45,692.0
2019-08-06 09:54:00,87.39,87.39,87.39,87.39,226.0
2019-08-06 09:55:00,87.37,87.37,87.22,87.22,1716.0
2019-08-06 09:57:00,87.15,87.18,87.11,87.13,2416.0
2019-08-06 09:58:00,87.13,87.18,87.11,87.11,1592.0
2019-08-06 09:59:00,87.16,87.21,87.1,87.21,905.0
2019-08-06 10:00:00,87.27,87.27,87.21,87.21,640.0
2019-08-06 10:01:00,87.16,87.32,87.12,87.28,5179.0
2019-08-06 10:02:00,87.24,87.24,87.23,87.24,792.0
2019-08-06 10:03:00,87.4,87.4,87.4,87.4,2675.0
2019-08-06 10:04:00,87.38,87.4,87.37,87.4,1066.0
2019-08-06 10:05:00,87.44,87.52,87.44,87.4807,2868.0
2019-08-06 10:06:00,87.46,87.47,87.38,87.38,2589.0
2019-08-06 10:07:00,87.36,87.39,87.36,87.38,1354.0
2019-08-06 10:08:00,87.38,87.38,87.32,87.32,1638.0
2019-08-06 10:09:00,87.34,87.34,87.23,87.23,1160.0
2019-08-06 10:10:00,87.27,87.27,87.21,87.21,1696.0
2019-08-06 10:11:00,87.24,87.25,87.16,87.16,1876.0
2019-08-06 10:12:00,87.08,87.105,87.08,87.08,1463.0
2019-08-06 10:13:00,87.09,87.12,87.08,87.08,1549.0
2019-08-06 10:14:00,87.085,87.085,86.98,86.98,1940.0
2019-08-06 10:15:00,86.98,87.04,86.9694,87.0175,3764.0
2019-08-06 10:16:00,86.99,87.02,86.97,86.97,1914.0
2019-08-06 10:17:00,86.98,86.98,86.89,86.89,2738.0
2019-08-06 10:18:00,86.91,86.92,86.91,86.92,654.0
2019-08-06 10:19:00,86.9,86.91,86.89,86.91,1536.0
2019-08-06 10:20:00,86.92,86.94,86.88,86.9,1695.0
2019-08-06 10:21:00,86.9,86.99,86.88,86.96,2441.0
2019-08-06 10:22:00,86.93,86.95,86.93,86.95,665.0
2019-08-06 10:23:00,86.99,87.0,86.96,86.98,1378.0
2019-08-06 10:24:00,86.96,87.055,86.96,87.055,1116.0
2019-08-06 10:25:00,87.14,87.14,87.11,87.11,629.0
2019-08-06 10:26:00,87.13,87.14,87.1,87.1,2873.0
2019-08-06 10:27:00,87.1,87.1,87.1,87.1,141.0
2019-08-06 10:28:00,87.125,87.17,87.125,87.15,884.0
2019-08-06 10:29:00,87.165,87.2,87.15,87.16,2943.0
2019-08-06 10:30:00,87.16,87.165,87.13,87.13,2503.0
2019-08-06 10:31:00,87.1,87.21,87.1,87.19,1900.0
2019-08-06 10:32:00,87.23,87.27,87.21,87.27,816.0
2019-08-06 10:33:00,87.31,87.36,87.31,87.36,2331.0
2019-08-06 10:34:00,87.36,87.39,87.36,87.37,1271.0
2019-08-06 10:35:00,87.4,87.45,87.38,87.45,1367.0
2019-08-06 10:36:00,87.49,87.53,87.485,87.485,2896.0
2019-08-06 10:37:00,87.48,87.49,87.445,87.49,1791.0
2019-08-06 10:38:00,87.57,87.6,87.56,87.6,2114.0
2019-08-06 10:39:00,87.57,87.62,87.57,87.62,1674.0
2019-08-06 10:40:00,87.64,87.68,87.63,87.63,1861.0
2019-08-06 10:41:00,87.675,87.675,87.675,87.675,472.0
2019-08-06 10:42:00,87.67,87.71,87.66,87.705,1643.0
2019-08-06 10:43:00,87.69,87.69,87.65,87.65,2428.0
2019-08-06 10:44:00,87.63,87.636,87.6,87.636,1116.0
2019-08-06 10:45:00,87.64,87.64,87.56,87.57,2559.0
2019-08-06 10:46:00,87.52,87.52,87.49,87.49,583.0
2019-08-06 10:47:00,87.47,87.49,87.47,87.47,1305.0
2019-08-06 10:48:00,87.44,87.44,87.38,87.4,2158.0
2019-08-06 10:49:00,87.44,87.49,87.43,87.49,3262.0
2019-08-06 10:50:00,87.49,87.49,87.39,87.41,4394.0
2019-08-06 10:51:00,87.41,87.43,87.38,87.39,2986.0
2019-08-06 10:52:00,87.39,87.41,87.39,87.41,292.0
2019-08-06 10:53:00,87.36,87.36,87.35,87.35,1272.0
2019-08-06 10:54:00,87.35,87.37,87.33,87.37,1476.0
2019-08-06 10:55:00,87.34,87.37,87.34,87.37,377.0
2019-08-06 10:56:00,87.33,87.36,87.31,87.36,1802.0
2019-08-06 10:57:00,87.38,87.41,87.38,87.41,1151.0
2019-08-06 10:58:00,87.42,87.42,87.38,87.38,1471.0
2019-08-06 10:59:00,87.39,87.39,87.35,87.35,1246.0
2019-08-06 11:00:00,87.3622,87.43,87.3622,87.43,2842.0
2019-08-06 11:01:00,87.44,87.44,87.38,87.38,2384.0
2019-08-06 11:02:00,87.39,87.39,87.35,87.365,1160.0
2019-08-06 11:03:00,87.38,87.38,87.34,87.36,1505.0
2019-08-06 11:04:00,87.34,87.34,87.31,87.31,945.0
2019-08-06 11:05:00,87.35,87.35,87.23,87.23,2660.0
2019-08-06 11:06:00,87.25,87.27,87.25,87.27,672.0
2019-08-06 11:07:00,87.29,87.29,87.29,87.29,1276.0
2019-08-06 11:08:00,87.35,87.37,87.34,87.34,1793.0
2019-08-06 11:09:00,87.36,87.36,87.33,87.35,1220.0
2019-08-06 11:10:00,87.33,87.35,87.33,87.35,2611.0
2019-08-06 11:11:00,87.35,87.35,87.31,87.31,1527.0
2019-08-06 11:12:00,87.31,87.31,87.28,87.28,1412.0
2019-08-06 11:13:00,87.28,87.28,87.25,87.25,498.0
2019-08-06 11:14:00,87.28,87.3,87.27,87.27,883.0
2019-08-06 11:15:00,87.2999,87.2999,87.25,87.25,1044.0
2019-08-06 11:16:00,87.23,87.23,87.2,87.2,1026.0
2019-08-06 11:17:00,87.18,87.195,87.16,87.185,1718.0
2019-08-06 11:18:00,87.19,87.215,87.19,87.21,1718.0
2019-08-06 11:19:00,87.22,87.22,87.17,87.17,1651.0
2019-08-06 11:20:00,87.16,87.16,87.14,87.14,1666.0
2019-08-06 11:21:00,87.15,87.18,87.14,87.18,1821.0
2019-08-06 11:22:00,87.18,87.23,87.18,87.23,2240.0
2019-08-06 11:23:00,87.22,87.25,87.22,87.25,2556.0
2019-08-06 11:24:00,87.24,87.24,87.215,87.24,1617.0
2019-08-06 11:25:00,87.24,87.28,87.24,87.28,1378.0
2019-08-06 11:26:00,87.26,87.315,87.26,87.315,1279.0
2019-08-06 11:27:00,87.37,87.37,87.35,87.37,1246.0
2019-08-06 11:28:00,87.37,87.37,87.37,87.37,685.0
2019-08-06 11:29:00,87.36,87.36,87.31,87.325,2113.0
2019-08-06 11:30:00,87.325,87.34,87.32,87.32,1824.0
2019-08-06 11:31:00,87.36,87.4,87.36,87.38,2169.0
2019-08-06 11:32:00,87.41,87.41,87.37,87.37,1826.0
2019-08-06 11:33:00,87.4,87.4513,87.37,87.37,4597.0
2019-08-06 11:34:00,87.34,87.34,87.28,87.3043,1909.0
2019-08-06 11:35:00,87.24,87.25,87.23,87.2364,1843.0
2019-08-06 11:36:00,87.25,87.25,87.22,87.22,1601.0
2019-08-06 11:37:00,87.21,87.21,87.155,87.155,1398.0
2019-08-06 11:38:00,87.16,87.16,87.11,87.1499,1381.0
2019-08-06 11:39:00,87.17,87.2,87.17,87.2,1234.0
2019-08-06 11:40:00,87.22,87.26,87.22,87.24,931.0
2019-08-06 11:41:00,87.22,87.33,87.215,87.33,1447.0
2019-08-06 11:42:00,87.335,87.34,87.32,87.32,1735.0
2019-08-06 11:43:00,87.32,87.33,87.3,87.31,3022.0
2019-08-06 11:44:00,87.325,87.36,87.31,87.36,2017.0
2019-08-06 11:45:00,87.39,87.45,87.39,87.44,1891.0
2019-08-06 11:46:00,87.44,87.49,87.43,87.47,1886.0
2019-08-06 11:47:00,87.45,87.49,87.45,87.4807,1573.0
2019-08-06 11:48:00,87.5,87.54,87.5,87.52,1942.0
2019-08-06 11:49:00,87.55,87.61,87.55,87.59,2262.0
2019-08-06 11:50:00,87.58,87.59,87.57,87.58,1952.0
2019-08-06 11:51:00,87.6,87.61,87.58,87.6,1466.0
2019-08-06 11:52:00,87.585,87.63,87.585,87.63,739.0
2019-08-06 11:53:00,87.65,87.65,87.6146,87.62,3829.0
2019-08-06 11:54:00,87.62,87.63,87.59,87.61,2090.0
2019-08-06 11:55:00,87.59,87.61,87.52,87.52,4316.0
2019-08-06 11:56:00,87.48,87.48,87.38,87.38,3054.0
2019-08-06 11:57:00,87.395,87.49,87.39,87.49,2255.0
2019-08-06 11:58:00,87.5,87.53,87.45,87.53,1561.0
2019-08-06 11:59:00,87.54,87.57,87.52,87.57,1311.0
2019-08-06 12:00:00,87.59,87.67,87.59,87.67,1377.0
2019-08-06 12:01:00,87.69,87.7421,87.69,87.7421,756.0
2019-08-06 12:02:00,87.77,87.79,87.77,87.77,1989.0
2019-08-06 12:03:00,87.79,87.79,87.74,87.7529,2888.0
2019-08-06 12:04:00,87.76,87.77,87.74,87.77,1226.0
2019-08-06 12:05:00,87.7726,87.79,87.74,87.74,2387.0
2019-08-06 12:06:00,87.77,87.77,87.74,87.74,521.0
2019-08-06 12:07:00,87.76,87.77,87.72,87.74,1822.0
2019-08-06 12:08:00,87.72,87.75,87.71,87.73,2236.0
2019-08-06 12:09:00,87.72,87.72,87.67,87.7,3037.0
2019-08-06 12:10:00,87.77,87.78,87.77,87.78,244.0
2019-08-06 12:11:00,87.78,87.78,87.73,87.7401,2771.0
2019-08-06 12:12:00,87.74,87.74,87.735,87.74,1179.0
2019-08-06 12:13:00,87.72,87.72,87.7,87.72,1108.0
2019-08-06 12:14:00,87.77,87.78,87.76,87.78,1663.0
2019-08-06 12:15:00,87.84,87.85,87.83,87.83,663.0
2019-08-06 12:16:00,87.83,87.83,87.77,87.78,2698.0
2019-08-06 12:17:00,87.77,87.77,87.73,87.73,2780.0
2019-08-06 12:18:00,87.735,87.75,87.69,87.695,2806.0
2019-08-06 12:19:00,87.67,87.69,87.65,87.665,2605.0
2019-08-06 12:20:00,87.665,87.74,87.665,87.72,4770.0
2019-08-06 12:21:00,87.7405,87.745,87.72,87.74,3392.0
2019-08-06 12:22:00,87.73,87.73,87.71,87.71,1461.0
2019-08-06 12:23:00,87.73,87.75,87.71,87.74,2498.0
2019-08-06 12:24:00,87.73,87.74,87.69,87.71,3596.0
2019-08-06 12:25:00,87.71,87.71,87.675,87.68,1868.0
2019-08-06 12:26:00,87.68,87.68,87.67,87.67,1273.0
2019-08-06 12:27:00,87.67,87.67,87.65,87.67,857.0
2019-08-06 12:28:00,87.6701,87.71,87.67,87.7,2733.0
2019-08-06 12:29:00,87.7,87.7,87.67,87.69,1002.0
2019-08-06 12:30:00,87.69,87.71,87.69,87.69,1990.0
2019-08-06 12:31:00,87.68,87.72,87.64,87.72,3712.0
2019-08-06 12:32:00,87.75,87.77,87.72,87.76,3680.0
2019-08-06 12:33:00,87.755,87.77,87.74,87.75,1887.0
2019-08-06 12:34:00,87.72,87.73,87.67,87.7,2494.0
2019-08-06 12:35:00,87.71,87.71,87.71,87.71,719.0
2019-08-06 12:36:00,87.74,87.77,87.74,87.77,574.0
2019-08-06 12:37:00,87.78,87.78,87.66,87.66,15519.0
2019-08-06 12:38:00,87.67,87.67,87.6,87.6,1251.0
2019-08-06 12:39:00,87.63,87.63,87.6,87.61,903.0
2019-08-06 12:40:00,87.61,87.66,87.61,87.61,1628.0
2019-08-06 12:41:00,87.61,87.61,87.578,87.58,1848.0
2019-08-06 12:42:00,87.64,87.64,87.61,87.63,1708.0
2019-08-06 12:44:00,87.68,87.7,87.655,87.67,2161.0
2019-08-06 12:45:00,87.67,87.675,87.67,87.675,798.0
2019-08-06 12:46:00,87.66,87.67,87.63,87.67,1346.0
2019-08-06 12:47:00,87.66,87.66,87.6289,87.64,1738.0
2019-08-06 12:48:00,87.6,87.6,87.535,87.535,1733.0
2019-08-06 12:49:00,87.53,87.5696,87.53,87.53,1393.0
2019-08-06 12:50:00,87.54,87.54,87.51,87.52,907.0
2019-08-06 12:51:00,87.51,87.5277,87.45,87.45,996.0
2019-08-06 12:52:00,87.49,87.49,87.46,87.46,1969.0
2019-08-06 12:53:00,87.47,87.48,87.43,87.455,1397.0
2019-08-06 12:54:00,87.47,87.48,87.47,87.47,1067.0
2019-08-06 12:56:00,87.47,87.47,87.47,87.47,326.0
2019-08-06 12:57:00,87.51,87.56,87.51,87.56,845.0
2019-08-06 12:58:00,87.5695,87.6,87.5695,87.57,1314.0
2019-08-06 12:59:00,87.57,87.57,87.55,87.55,1414.0
2019-08-06 13:00:00,87.57,87.57,87.57,87.57,578.0
2019-08-06 13:01:00,87.58,87.65,87.58,87.65,473.0
2019-08-06 13:02:00,87.66,87.66,87.66,87.66,357.0
2019-08-06 13:03:00,87.66,87.72,87.66,87.72,3629.0
2019-08-06 13:04:00,87.73,87.79,87.73,87.79,1118.0
2019-08-06 13:05:00,87.76,87.79,87.74,87.79,3200.0
2019-08-06 13:06:00,87.78,87.78,87.78,87.78,1767.0
2019-08-06 13:07:00,87.85,87.86,87.85,87.86,538.0
2019-08-06 13:08:00,87.9339,87.98,87.9339,87.98,550.0
2019-08-06 13:09:00,87.96,87.96,87.95,87.95,1498.0
2019-08-06 13:10:00,87.97,87.97,87.94,87.95,2070.0
2019-08-06 13:11:00,87.94,87.94,87.89,87.91,1069.0
2019-08-06 13:12:00,87.91,87.91,87.875,87.875,1610.0
2019-08-06 13:13:00,87.92,87.97,87.91,87.96,2024.0
2019-08-06 13:14:00,87.98,87.98,87.91,87.91,2162.0
2019-08-06 13:15:00,87.91,87.91,87.91,87.91,493.0
2019-08-06 13:16:00,87.93,87.93,87.93,87.93,642.0
2019-08-06 13:17:00,87.97,87.97,87.94,87.94,1313.0
2019-08-06 13:18:00,87.93,87.93,87.93,87.93,270.0
2019-08-06 13:19:00,87.94,87.94,87.91,87.91,753.0
2019-08-06 13:20:00,87.91,87.91,87.88,87.88,961.0
2019-08-06 13:21:00,87.89,87.95,87.89,87.95,623.0
2019-08-06 13:22:00,87.955,87.955,87.91,87.91,994.0
2019-08-06 13:23:00,87.93,87.93,87.91,87.91,1597.0
2019-08-06 13:24:00,87.89,87.89,87.87,87.874,1665.0
2019-08-06 13:25:00,87.89,87.91,87.89,87.91,1185.0
2019-08-06 13:26:00,87.97,87.97,87.928,87.928,1754.0
2019-08-06 13:27:00,87.93,87.95,87.91,87.95,2552.0
2019-08-06 13:28:00,87.975,88.0071,87.975,87.98,3009.0
2019-08-06 13:29:00,87.99,87.99,87.94,87.96,1487.0
2019-08-06 13:30:00,87.93,87.93,87.89,87.89,1198.0
2019-08-06 13:31:00,87.9,87.9,87.88,87.88,455.0
2019-08-06 13:32:00,87.87,87.92,87.87,87.87,2281.0
2019-08-06 13:33:00,87.88,87.88,87.83,87.83,1656.0
2019-08-06 13:34:00,87.84,87.845,87.83,87.845,2026.0
2019-08-06 13:35:00,87.85,87.88,87.85,87.88,1115.0
2019-08-06 13:36:00,87.89,87.89,87.88,87.88,1178.0
2019-08-06 13:37:00,87.92,87.94,87.92,87.94,1112.0
2019-08-06 13:38:00,87.93,87.95,87.93,87.93,1037.0
2019-08-06 13:39:00,87.94,87.95,87.92,87.92,3659.0
2019-08-06 13:40:00,87.94,88.02,87.94,88.01,2597.0
2019-08-06 13:41:00,88.0,88.0,87.97,87.98,1068.0
2019-08-06 13:42:00,88.01,88.01,88.005,88.005,368.0
2019-08-06 13:44:00,88.1,88.1,88.08,88.08,702.0
2019-08-06 13:45:00,88.08,88.08,88.03,88.03,2497.0
2019-08-06 13:46:00,88.03,88.05,88.02,88.03,2823.0
2019-08-06 13:47:00,88.02,88.04,88.01,88.04,877.0
2019-08-06 13:48:00,88.02,88.02,88.02,88.02,758.0
2019-08-06 13:49:00,87.99,88.03,87.99,88.03,1445.0
2019-08-06 13:50:00,88.075,88.075,88.075,88.075,835.0
2019-08-06 13:52:00,88.09,88.09,88.05,88.05,2734.0
2019-08-06 13:53:00,88.06,88.08,88.05,88.08,1370.0
2019-08-06 13:54:00,88.12,88.12,88.08,88.08,3434.0
2019-08-06 13:56:00,88.1,88.1,88.05,88.05,1590.0
2019-08-06 13:57:00,88.06,88.06,88.01,88.02,1993.0
2019-08-06 13:58:00,88.0,88.0,87.99,87.99,369.0
2019-08-06 13:59:00,87.99,88.03,87.99,87.99,3118.0
2019-08-06 14:00:00,88.01,88.01,88.01,88.01,695.0
2019-08-06 14:01:00,88.02,88.02,87.99,87.99,1662.0
2019-08-06 14:02:00,87.98,87.9905,87.97,87.97,1734.0
2019-08-06 14:03:00,87.97,87.97,87.94,87.94,1326.0
2019-08-06 14:04:00,87.91,87.959,87.89,87.959,1850.0
2019-08-06 14:05:00,87.96,87.9836,87.95,87.9647,1689.0
2019-08-06 14:06:00,87.9833,87.9833,87.91,87.91,1865.0
2019-08-06 14:07:00,87.89,87.96,87.89,87.96,2332.0
2019-08-06 14:08:00,87.97,87.97,87.96,87.96,321.0
2019-08-06 14:09:00,87.9905,87.9905,87.97,87.97,2535.0
2019-08-06 14:10:00,87.98,87.98,87.95,87.965,2224.0
2019-08-06 14:11:00,87.98,88.04,87.98,88.04,2512.0
2019-08-06 14:12:00,88.05,88.1,88.05,88.1,1808.0
2019-08-06 14:13:00,88.13,88.13,88.12,88.12,384.0
2019-08-06 14:14:00,88.16,88.18,88.14,88.14,1908.0
2019-08-06 14:15:00,88.14,88.15,88.1,88.1,2678.0
2019-08-06 14:16:00,88.13,88.18,88.12,88.16,4375.0
2019-08-06 14:17:00,88.22,88.22,88.22,88.22,202.0
2019-08-06 14:18:00,88.3,88.3,88.26,88.26,1639.0
2019-08-06 14:19:00,88.27,88.28,88.27,88.27,1319.0
2019-08-06 14:20:00,88.27,88.28,88.26,88.28,2377.0
2019-08-06 14:21:00,88.3,88.33,88.28,88.28,2102.0
2019-08-06 14:22:00,88.3,88.31,88.29,88.29,1496.0
2019-08-06 14:23:00,88.32,88.37,88.32,88.32,2257.0
2019-08-06 14:24:00,88.34,88.34,88.3,88.31,2360.0
2019-08-06 14:25:00,88.35,88.35,88.35,88.35,553.0
2019-08-06 14:26:00,88.34,88.37,88.33,88.35,2559.0
2019-08-06 14:27:00,88.33,88.33,88.33,88.33,424.0
2019-08-06 14:28:00,88.33,88.3929,88.33,88.38,3349.0
2019-08-06 14:29:00,88.39,88.39,88.35,88.36,1985.0
2019-08-06 14:30:00,88.36,88.385,88.36,88.36,2675.0
2019-08-06 14:31:00,88.38,88.38,88.31,88.31,1455.0
2019-08-06 14:32:00,88.34,88.345,88.33,88.34,789.0
2019-08-06 14:33:00,88.39,88.48,88.39,88.48,2737.0
2019-08-06 14:34:00,88.46,88.5,88.45,88.5,1086.0
2019-08-06 14:35:00,88.52,88.52,88.45,88.45,2734.0
2019-08-06 14:36:00,88.45,88.45,88.42,88.45,2458.0
2019-08-06 14:37:00,88.45,88.46,88.41,88.41,2177.0
2019-08-06 14:38:00,88.42,88.42,88.4,88.41,1893.0
2019-08-06 14:39:00,88.435,88.435,88.4,88.41,1663.0
2019-08-06 14:40:00,88.41,88.42,88.38,88.38,1131.0
2019-08-06 14:41:00,88.38,88.38,88.34,88.34,1062.0
2019-08-06 14:42:00,88.37,88.38,88.35,88.35,1483.0
2019-08-06 14:43:00,88.371,88.371,88.33,88.37,1322.0
2019-08-06 14:44:00,88.39,88.47,88.39,88.47,1736.0
2019-08-06 14:45:00,88.47,88.48,88.44,88.44,1547.0
2019-08-06 14:46:00,88.44,88.44,88.39,88.39,1320.0
2019-08-06 14:47:00,88.3768,88.405,88.35,88.35,1575.0
2019-08-06 14:48:00,88.34,88.37,88.335,88.37,1380.0
2019-08-06 14:49:00,88.36,88.36,88.33,88.33,1140.0
2019-08-06 14:50:00,88.35,88.35,88.3,88.32,3300.0
2019-08-06 14:51:00,88.324,88.35,88.324,88.35,3920.0
2019-08-06 14:52:00,88.34,88.34,88.26,88.26,3682.0
2019-08-06 14:53:00,88.27,88.27,88.2,88.21,1236.0
2019-08-06 14:54:00,88.22,88.24,88.19,88.23,2434.0
2019-08-06 14:55:00,88.235,88.25,88.21,88.21,1321.0
2019-08-06 14:56:00,88.22,88.22,88.2,88.21,1378.0
2019-08-06 14:57:00,88.25,88.26,88.25,88.26,1699.0
2019-08-06 14:58:00,88.26,88.27,88.24,88.24,1646.0
2019-08-06 14:59:00,88.26,88.26,88.19,88.1989,3529.0
2019-08-06 15:00:00,88.18,88.19,88.18,88.185,1249.0
2019-08-06 15:01:00,88.18,88.2,88.17,88.1808,1958.0
2019-08-06 15:02:00,88.23,88.25,88.22,88.24,2107.0
2019-08-06 15:03:00,88.23,88.23,88.175,88.175,1424.0
2019-08-06 15:04:00,88.19,88.2,88.19,88.2,611.0
2019-08-06 15:05:00,88.22,88.225,88.19,88.2,2658.0
2019-08-06 15:06:00,88.2,88.24,88.2,88.24,2884.0
2019-08-06 15:07:00,88.28,88.285,88.21,88.23,3342.0
2019-08-06 15:08:00,88.25,88.28,88.25,88.26,1085.0
2019-08-06 15:09:00,88.28,88.28,88.26,88.27,1604.0
2019-08-06 15:10:00,88.29,88.29,88.25,88.26,2098.0
2019-08-06 15:11:00,88.2,88.22,88.18,88.21,3392.0
2019-08-06 15:12:00,88.22,88.22,88.2,88.2,1826.0
2019-08-06 15:13:00,88.21,88.22,88.2,88.22,2106.0
2019-08-06 15:14:00,88.22,88.29,88.22,88.26,2217.0
2019-08-06 15:15:00,88.28,88.31,88.27,88.31,2386.0
2019-08-06 15:16:00,88.31,88.35,88.31,88.35,4118.0
2019-08-06 15:17:00,88.36,88.39,88.34,88.34,5893.0
2019-08-06 15:18:00,88.35,88.36,88.33,88.36,3617.0
2019-08-06 15:19:00,88.38,88.395,88.35,88.35,2280.0
2019-08-06 15:20:00,88.36,88.4,88.36,88.4,1871.0
2019-08-06 15:21:00,88.4,88.47,88.4,88.47,3019.0
2019-08-06 15:22:00,88.49,88.52,88.485,88.49,4467.0
2019-08-06 15:23:00,88.48,88.48,88.44,88.44,2089.0
2019-08-06 15:24:00,88.47,88.4762,88.38,88.38,5835.0
2019-08-06 15:25:00,88.4,88.45,88.4,88.45,2752.0
2019-08-06 15:26:00,88.45,88.46,88.4,88.4,4342.0
2019-08-06 15:27:00,88.39,88.39,88.33,88.34,3163.0
2019-08-06 15:28:00,88.33,88.34,88.31,88.33,3786.0
2019-08-06 15:29:00,88.33,88.33,88.27,88.29,3168.0
2019-08-06 15:30:00,88.32,88.32,88.32,88.32,601.0
2019-08-06 15:31:00,88.35,88.35,88.25,88.25,7330.0
2019-08-06 15:32:00,88.25,88.27,88.25,88.26,2069.0
2019-08-06 15:33:00,88.27,88.28,88.25,88.28,4270.0
2019-08-06 15:34:00,88.285,88.285,88.2,88.255,6272.0
2019-08-06 15:35:00,88.255,88.28,88.23,88.28,2747.0
2019-08-06 15:36:00,88.29,88.34,88.29,88.335,3327.0
2019-08-06 15:37:00,88.335,88.38,88.335,88.37,4328.0
2019-08-06 15:38:00,88.375,88.41,88.375,88.4,5885.0
2019-08-06 15:39:00,88.41,88.45,88.4,88.44,4331.0
2019-08-06 15:40:00,88.46,88.48,88.45,88.47,4475.0
2019-08-06 15:41:00,88.48,88.56,88.44,88.55,5546.0
2019-08-06 15:42:00,88.55,88.55,88.54,88.54,4002.0
2019-08-06 15:43:00,88.53,88.59,88.52,88.57,6020.0
2019-08-06 15:44:00,88.58,88.67,88.58,88.67,4296.0
2019-08-06 15:45:00,88.68,88.68,88.64,88.67,5434.0
2019-08-06 15:46:00,88.65,88.65,88.52,88.53,9581.0
2019-08-06 15:47:00,88.53,88.57,88.51,88.57,3993.0
2019-08-06 15:48:00,88.6,88.66,88.6,88.66,8118.0
2019-08-06 15:49:00,88.65,88.65,88.56,88.56,8632.0
2019-08-06 15:50:00,88.56,88.61,88.56,88.59,5928.0
2019-08-06 15:51:00,88.59,88.66,88.57,88.65,11066.0
2019-08-06 15:52:00,88.66,88.66,88.63,88.63,5415.0
2019-08-06 15:53:00,88.63,88.65,88.59,88.59,12641.0
2019-08-06 15:54:00,88.6,88.61,88.565,88.57,7320.0
2019-08-06 15:55:00,88.58,88.6144,88.57,88.59,7335.0
2019-08-06 15:56:00,88.6,88.61,88.49,88.49,15716.0
2019-08-06 15:57:00,88.51,88.57,88.5,88.55,13625.0
2019-08-06 15:58:00,88.55,88.63,88.535,88.61,13850.0
2019-08-06 15:59:00,88.6,88.65,88.58,88.65,15473.0
2019-08-06 16:00:00,88.66,88.68,88.52,88.58,34754.0
2019-08-07 09:31:00,87.63,87.63,87.58,87.58,504.0
2019-08-07 09:32:00,87.52,87.52,87.52,87.52,200.0
2019-08-07 09:33:00,87.42,87.42,87.42,87.42,269.0
2019-08-07 09:34:00,87.55,87.55,87.5,87.5,11467.0
2019-08-07 09:35:00,87.408,87.62,87.408,87.62,2035.0
2019-08-07 09:36:00,87.73,87.73,87.73,87.73,294.0
2019-08-07 09:38:00,87.76,87.76,87.69,87.69,1839.0
2019-08-07 09:39:00,87.77,87.78,87.77,87.78,359.0
2019-08-07 09:41:00,87.82,87.82,87.63,87.63,820.0
2019-08-07 09:42:00,87.72,87.72,87.52,87.52,1079.0
2019-08-07 09:44:00,87.51,87.51,87.42,87.47,1466.0
2019-08-07 09:45:00,87.42,87.42,87.25,87.25,2772.0
2019-08-07 09:46:00,87.25,87.25,87.055,87.055,3900.0
2019-08-07 09:48:00,86.885,86.885,86.875,86.885,787.0
2019-08-07 09:49:00,87.05,87.05,87.0,87.0,724.0
2019-08-07 09:50:00,87.02,87.02,87.02,87.02,300.0
2019-08-07 09:51:00,87.015,87.1,87.015,87.1,2467.0
2019-08-07 09:52:00,87.18,87.32,87.18,87.32,734.0
2019-08-07 09:53:00,87.32,87.32,87.28,87.32,805.0
2019-08-07 09:54:00,87.24,87.24,87.23,87.23,200.0
2019-08-07 09:55:00,87.26,87.275,87.25,87.275,1268.0
2019-08-07 09:56:00,87.36,87.46,87.35,87.425,1124.0
2019-08-07 09:57:00,87.485,87.52,87.485,87.51,926.0
2019-08-07 09:58:00,87.54,87.55,87.5,87.53,1590.0
2019-08-07 09:59:00,87.525,87.55,87.42,87.55,576.0
2019-08-07 10:00:00,87.56,87.56,87.48,87.48,616.0
2019-08-07 10:01:00,87.475,87.51,87.475,87.51,517.0
2019-08-07 10:02:00,87.43,87.47,87.38,87.425,2300.0
2019-08-07 10:04:00,87.28,87.32,87.27,87.32,1048.0
2019-08-07 10:05:00,87.42,87.42,87.36,87.365,1311.0
2019-08-07 10:06:00,87.34,87.38,87.34,87.34,1215.0
2019-08-07 10:07:00,87.32,87.36,87.3,87.36,1056.0
2019-08-07 10:08:00,87.47,87.5,87.43,87.5,818.0
2019-08-07 10:09:00,87.455,87.59,87.455,87.48,1633.0
2019-08-07 10:10:00,87.48,87.48,87.47,87.4703,514.0
2019-08-07 10:11:00,87.48,87.48,87.41,87.415,1225.0
2019-08-07 10:12:00,87.47,87.6,87.47,87.6,4275.0
2019-08-07 10:13:00,87.635,87.635,87.55,87.55,1298.0
2019-08-07 10:14:00,87.5846,87.5846,87.52,87.52,501.0
2019-08-07 10:15:00,87.49,87.49,87.3994,87.3994,2148.0
2019-08-07 10:16:00,87.4659,87.4659,87.27,87.305,2853.0
2019-08-07 10:17:00,87.34,87.43,87.34,87.43,5325.0
2019-08-07 10:18:00,87.44,87.45,87.39,87.39,621.0
2019-08-07 10:19:00,87.38,87.38,87.345,87.345,358.0
2019-08-07 10:20:00,87.38,87.38,87.3,87.3,1441.0
2019-08-07 10:21:00,87.26,87.26,87.12,87.15,848.0
2019-08-07 10:22:00,87.15,87.17,87.09,87.13,1956.0
2019-08-07 10:23:00,87.12,87.135,87.04,87.135,1012.0
2019-08-07 10:24:00,87.08,87.09,87.08,87.09,417.0
2019-08-07 10:25:00,87.135,87.135,87.08,87.08,1110.0
2019-08-07 10:26:00,87.1403,87.17,87.01,87.05,2436.0
2019-08-07 10:27:00,87.04,87.04,86.91,86.91,2595.0
2019-08-07 10:28:00,86.99,87.085,86.96,87.085,1941.0
2019-08-07 10:29:00,87.235,87.27,87.235,87.24,1510.0
2019-08-07 10:30:00,87.25,87.255,87.24,87.25,520.0
2019-08-07 10:31:00,87.17,87.29,87.17,87.23,1872.0
2019-08-07 10:32:00,87.245,87.39,87.245,87.38,2871.0
2019-08-07 10:33:00,87.42,87.42,87.42,87.42,315.0
2019-08-07 10:34:00,87.35,87.36,87.25,87.275,1719.0
2019-08-07 10:35:00,87.32,87.32,87.24,87.26,1454.0
2019-08-07 10:36:00,87.28,87.36,87.28,87.35,1125.0
2019-08-07 10:37:00,87.4321,87.4321,87.38,87.38,285.0
2019-08-07 10:38:00,87.46,87.5,87.46,87.5,540.0
2019-08-07 10:39:00,87.44,87.44,87.38,87.38,619.0
2019-08-07 10:40:00,87.36,87.52,87.36,87.52,665.0
2019-08-07 10:41:00,87.525,87.525,87.38,87.43,1753.0
2019-08-07 10:42:00,87.42,87.42,87.42,87.42,127.0
2019-08-07 10:43:00,87.48,87.48,87.48,87.48,395.0
2019-08-07 10:44:00,87.39,87.43,87.31,87.31,2644.0
2019-08-07 10:46:00,87.38,87.4,87.365,87.4,637.0
2019-08-07 10:47:00,87.3858,87.4014,87.25,87.25,2928.0
2019-08-07 10:48:00,87.25,87.28,87.22,87.26,1045.0
2019-08-07 10:49:00,87.33,87.45,87.33,87.41,1519.0
2019-08-07 10:50:00,87.48,87.525,87.45,87.46,2558.0
2019-08-07 10:51:00,87.465,87.63,87.465,87.6,2392.0
2019-08-07 10:52:00,87.615,87.67,87.58,87.65,3147.0
2019-08-07 10:53:00,87.63,87.645,87.6,87.645,616.0
2019-08-07 10:54:00,87.62,87.62,87.62,87.62,293.0
2019-08-07 10:55:00,87.69,87.69,87.65,87.6854,1094.0
2019-08-07 10:56:00,87.74,87.74,87.5701,87.6142,3990.0
2019-08-07 10:57:00,87.57,87.57,87.5,87.54,1847.0
2019-08-07 10:58:00,87.52,87.52,87.48,87.48,753.0
2019-08-07 10:59:00,87.52,87.52,87.46,87.46,710.0
2019-08-07 11:00:00,87.56,87.56,87.56,87.56,414.0
2019-08-07 11:01:00,87.51,87.51,87.51,87.51,362.0
2019-08-07 11:03:00,87.5,87.56,87.39,87.45,2875.0
2019-08-07 11:04:00,87.425,87.46,87.425,87.4594,499.0
2019-08-07 11:06:00,87.42,87.42,87.34,87.34,947.0
2019-08-07 11:07:00,87.3201,87.3201,87.19,87.3,1994.0
2019-08-07 11:08:00,87.23,87.332,87.225,87.332,1255.0
2019-08-07 11:09:00,87.34,87.34,87.29,87.29,893.0
2019-08-07 11:10:00,87.3,87.35,87.28,87.35,1197.0
2019-08-07 11:11:00,87.4,87.52,87.4,87.52,1290.0
2019-08-07 11:12:00,87.49,87.49,87.49,87.49,215.0
2019-08-07 11:14:00,87.58,87.58,87.58,87.58,1459.0
2019-08-07 11:15:00,87.56,87.61,87.56,87.57,1136.0
2019-08-07 11:16:00,87.61,87.61,87.51,87.51,1585.0
2019-08-07 11:17:00,87.47,87.47,87.37,87.45,2044.0
2019-08-07 11:18:00,87.45,87.45,87.38,87.38,378.0
2019-08-07 11:19:00,87.4,87.46,87.39,87.46,1003.0
2019-08-07 11:20:00,87.42,87.42,87.36,87.36,956.0
2019-08-07 11:21:00,87.41,87.45,87.4,87.43,1831.0
2019-08-07 11:22:00,87.4,87.41,87.36,87.36,1427.0
2019-08-07 11:23:00,87.27,87.27,87.27,87.27,115.0
2019-08-07 11:24:00,87.24,87.25,87.22,87.22,818.0
2019-08-07 11:25:00,87.18,87.21,87.12,87.2,1870.0
2019-08-07 11:26:00,87.23,87.25,87.19,87.23,3155.0
2019-08-07 11:27:00,87.25,87.254,87.19,87.2,2052.0
2019-08-07 11:28:00,87.16,87.25,87.14,87.25,1880.0
2019-08-07 11:29:00,87.22,87.22,87.13,87.15,1455.0
2019-08-07 11:30:00,87.18,87.23,87.15,87.18,1820.0
2019-08-07 11:31:00,87.17,87.2,87.14,87.15,2203.0
2019-08-07 11:32:00,87.17,87.17,87.12,87.12,1274.0
2019-08-07 11:33:00,87.14,87.14,87.14,87.14,123.0
2019-08-07 11:34:00,87.08,87.09,87.07,87.09,343.0
2019-08-07 11:35:00,87.125,87.125,87.116,87.116,212.0
2019-08-07 11:36:00,87.22,87.24,87.17,87.2,1958.0
2019-08-07 11:39:00,87.275,87.28,87.275,87.28,2158.0
2019-08-07 11:40:00,87.31,87.4,87.31,87.36,1495.0
2019-08-07 11:41:00,87.41,87.41,87.41,87.41,431.0
2019-08-07 11:42:00,87.32,87.32,87.21,87.21,2423.0
2019-08-07 11:43:00,87.18,87.2,87.18,87.2,285.0
2019-08-07 11:44:00,87.21,87.21,87.17,87.17,887.0
2019-08-07 11:45:00,87.15,87.17,87.15,87.17,756.0
2019-08-07 11:46:00,87.21,87.22,87.11,87.11,1184.0
2019-08-07 11:47:00,87.1606,87.1606,87.1,87.14,818.0
2019-08-07 11:48:00,87.06,87.1,87.04,87.1,810.0
2019-08-07 11:49:00,87.05,87.07,87.05,87.07,473.0
2019-08-07 11:50:00,87.02,87.12,87.02,87.09,1305.0
2019-08-07 11:51:00,87.065,87.095,87.03,87.095,852.0
2019-08-07 11:52:00,87.07,87.07,87.02,87.02,614.0
2019-08-07 11:53:00,87.09,87.09,87.04,87.04,1105.0
2019-08-07 11:54:00,86.98,86.98,86.98,86.98,398.0
2019-08-07 11:55:00,87.035,87.12,87.035,87.12,926.0
2019-08-07 11:56:00,87.12,87.2,87.1,87.2,1626.0
2019-08-07 11:57:00,87.22,87.24,87.22,87.24,466.0
2019-08-07 11:58:00,87.23,87.27,87.17,87.17,1575.0
2019-08-07 11:59:00,87.19,87.19,87.11,87.18,2654.0
2019-08-07 12:00:00,87.12,87.17,87.11,87.165,1448.0
2019-08-07 12:01:00,87.14,87.165,87.13,87.163,1272.0
2019-08-07 12:02:00,87.17,87.17,87.16,87.16,815.0
2019-08-07 12:03:00,87.13,87.13,87.1,87.1,866.0
2019-08-07 12:04:00,87.03,87.09,87.01,87.01,907.0
2019-08-07 12:05:00,86.99,86.99,86.95,86.95,807.0
2019-08-07 12:06:00,86.95,87.0,86.93,87.0,1080.0
2019-08-07 12:07:00,87.03,87.04,86.97,86.99,2820.0
2019-08-07 12:08:00,86.94,86.94,86.92,86.92,654.0
2019-08-07 12:09:00,86.94,86.96,86.9,86.94,1099.0
2019-08-07 12:10:00,86.89,86.89,86.89,86.89,603.0
2019-08-07 12:11:00,86.92,87.0,86.92,87.0,980.0
2019-08-07 12:12:00,87.0,87.0,86.96,86.96,408.0
2019-08-07 12:13:00,86.94,86.94,86.93,86.93,745.0
2019-08-07 12:14:00,86.97,87.005,86.93,87.005,1032.0
2019-08-07 12:15:00,87.04,87.18,87.02,87.13,1993.0
2019-08-07 12:16:00,87.19,87.19,87.17,87.17,445.0
2019-08-07 12:17:00,87.19,87.25,87.16,87.25,778.0
2019-08-07 12:18:00,87.23,87.23,87.2,87.21,511.0
2019-08-07 12:19:00,87.23,87.29,87.23,87.275,1333.0
2019-08-07 12:20:00,87.24,87.24,87.19,87.19,506.0
2019-08-07 12:21:00,87.19,87.22,87.14,87.14,2201.0
2019-08-07 12:22:00,87.13,87.16,87.1,87.13,1127.0
2019-08-07 12:24:00,87.15,87.15,87.15,87.15,1068.0
2019-08-07 12:25:00,87.2,87.205,87.19,87.19,668.0
2019-08-07 12:26:00,87.23,87.24,87.21,87.24,532.0
2019-08-07 12:27:00,87.22,87.26,87.22,87.2579,4429.0
2019-08-07 12:28:00,87.28,87.38,87.28,87.38,2032.0
2019-08-07 12:29:00,87.38,87.42,87.38,87.42,907.0
2019-08-07 12:30:00,87.46,87.4674,87.44,87.464,2855.0
2019-08-07 12:31:00,87.455,87.48,87.41,87.48,3246.0
2019-08-07 12:33:00,87.51,87.51,87.51,87.51,413.0
2019-08-07 12:34:00,87.52,87.57,87.51,87.51,1909.0
2019-08-07 12:35:00,87.56,87.56,87.54,87.54,234.0
2019-08-07 12:36:00,87.57,87.57,87.54,87.54,1296.0
2019-08-07 12:37:00,87.56,87.59,87.56,87.59,856.0
2019-08-07 12:38:00,87.61,87.61,87.56,87.56,953.0
2019-08-07 12:39:00,87.54,87.54,87.52,87.535,852.0
2019-08-07 12:40:00,87.56,87.56,87.53,87.56,471.0
2019-08-07 12:41:00,87.56,87.6,87.56,87.6,964.0
2019-08-07 12:42:00,87.62,87.64,87.62,87.64,404.0
2019-08-07 12:43:00,87.64,87.68,87.64,87.68,516.0
2019-08-07 12:44:00,87.65,87.65,87.64,87.64,362.0
2019-08-07 12:45:00,87.7,87.7,87.69,87.7,930.0
2019-08-07 12:46:00,87.66,87.71,87.65,87.65,2443.0
2019-08-07 12:48:00,87.66,87.66,87.64,87.64,864.0
2019-08-07 12:49:00,87.67,87.68,87.67,87.67,496.0
2019-08-07 12:50:00,87.62,87.63,87.62,87.63,205.0
2019-08-07 12:51:00,87.65,87.66,87.62,87.65,811.0
2019-08-07 12:52:00,87.67,87.69,87.67,87.69,838.0
2019-08-07 12:53:00,87.77,87.77,87.73,87.73,686.0
2019-08-07 12:54:00,87.76,87.81,87.76,87.81,1296.0
2019-08-07 12:55:00,87.79,87.81,87.79,87.81,875.0
2019-08-07 12:56:00,87.84,87.85,87.78,87.81,995.0
2019-08-07 12:57:00,87.799,87.84,87.799,87.84,1764.0
2019-08-07 12:58:00,87.83,87.85,87.83,87.85,1042.0
2019-08-07 12:59:00,87.87,87.89,87.87,87.89,434.0
2019-08-07 13:00:00,87.9,87.92,87.9,87.92,690.0
2019-08-07 13:01:00,87.93,87.93,87.9,87.9,530.0
2019-08-07 13:02:00,87.89,87.89,87.86,87.86,1330.0
2019-08-07 13:03:00,87.88,87.885,87.88,87.885,937.0
2019-08-07 13:04:00,87.84,87.88,87.83,87.87,579.0
2019-08-07 13:05:00,87.88,87.92,87.86,87.92,599.0
2019-08-07 13:06:00,87.88,87.88,87.88,87.88,387.0
2019-08-07 13:07:00,87.89,87.89,87.85,87.85,857.0
2019-08-07 13:08:00,87.88,87.9,87.88,87.9,262.0
2019-08-07 13:09:00,87.92,87.92,87.92,87.92,236.0
2019-08-07 13:10:00,87.92,87.94,87.92,87.94,1113.0
2019-08-07 13:11:00,87.98,88.0059,87.98,88.0059,789.0
2019-08-07 13:12:00,88.0,88.03,88.0,88.01,3820.0
2019-08-07 13:13:00,88.02,88.02,87.95,88.01,5414.0
2019-08-07 13:14:00,88.0,88.015,87.97,87.99,1965.0
2019-08-07 13:15:00,88.0,88.01,87.98,87.99,1464.0
2019-08-07 13:16:00,87.98,87.98,87.98,87.98,100.0
2019-08-07 13:17:00,88.01,88.04,88.01,88.04,1075.0
2019-08-07 13:18:00,88.0,88.0254,87.99,88.0254,3544.0
2019-08-07 13:19:00,88.06,88.11,88.06,88.08,897.0
2019-08-07 13:20:00,88.11,88.11,88.11,88.11,403.0
2019-08-07 13:21:00,88.12,88.12,88.06,88.06,933.0
2019-08-07 13:22:00,88.05,88.05,88.02,88.04,1195.0
2019-08-07 13:23:00,88.05,88.07,88.05,88.07,696.0
2019-08-07 13:25:00,88.05,88.05,87.99,88.01,1254.0
2019-08-07 13:26:00,87.97,87.97,87.97,87.97,303.0
2019-08-07 13:27:00,87.99,88.02,87.97,88.02,882.0
2019-08-07 13:28:00,88.04,88.0775,88.04,88.0775,663.0
2019-08-07 13:29:00,88.05,88.05,88.04,88.04,611.0
2019-08-07 13:30:00,88.04,88.06,88.04,88.06,665.0
2019-08-07 13:31:00,88.09,88.15,88.09,88.14,1231.0
2019-08-07 13:32:00,88.2,88.2,88.2,88.2,310.0
2019-08-07 13:33:00,88.26,88.3,88.26,88.3,1262.0
2019-08-07 13:34:00,88.318,88.41,88.318,88.4,1287.0
2019-08-07 13:35:00,88.37,88.37,88.31,88.34,1201.0
2019-08-07 13:36:00,88.35,88.35,88.3,88.3,1359.0
2019-08-07 13:37:00,88.33,88.37,88.33,88.37,304.0
2019-08-07 13:38:00,88.37,88.3935,88.37,88.39,463.0
2019-08-07 13:39:00,88.41,88.41,88.41,88.41,608.0
2019-08-07 13:40:00,88.42,88.42,88.42,88.42,708.0
2019-08-07 13:41:00,88.45,88.47,88.44,88.465,1108.0
2019-08-07 13:42:00,88.46,88.46,88.46,88.46,322.0
2019-08-07 13:43:00,88.46,88.54,88.46,88.54,634.0
2019-08-07 13:44:00,88.52,88.52,88.49,88.49,402.0
2019-08-07 13:45:00,88.48,88.53,88.45,88.48,1281.0
2019-08-07 13:47:00,88.48,88.55,88.48,88.55,953.0
2019-08-07 13:48:00,88.58,88.6,88.58,88.6,241.0
2019-08-07 13:49:00,88.61,88.61,88.6,88.6,3168.0
2019-08-07 13:50:00,88.61,88.61,88.56,88.56,813.0
2019-08-07 13:51:00,88.6,88.61,88.58,88.61,1141.0
2019-08-07 13:52:00,88.59,88.59,88.56,88.57,1283.0
2019-08-07 13:53:00,88.55,88.59,88.55,88.58,1409.0
2019-08-07 13:54:00,88.53,88.53,88.53,88.53,407.0
2019-08-07 13:55:00,88.53,88.53,88.52,88.52,732.0
2019-08-07 13:56:00,88.54,88.54,88.42,88.42,2284.0
2019-08-07 13:57:00,88.43,88.44,88.41,88.41,1431.0
2019-08-07 13:58:00,88.4,88.4,88.38,88.38,759.0
2019-08-07 13:59:00,88.4,88.42,88.37,88.37,571.0
2019-08-07 14:00:00,88.4,88.4,88.35,88.37,1624.0
2019-08-07 14:01:00,88.35,88.39,88.35,88.39,759.0
2019-08-07 14:02:00,88.45,88.45,88.39,88.39,568.0
2019-08-07 14:03:00,88.37,88.38,88.35,88.38,636.0
2019-08-07 14:04:00,88.37,88.4,88.37,88.4,203.0
2019-08-07 14:05:00,88.365,88.39,88.365,88.39,1034.0
2019-08-07 14:06:00,88.415,88.49,88.415,88.49,540.0
2019-08-07 14:07:00,88.51,88.51,88.49,88.49,898.0
2019-08-07 14:08:00,88.55,88.58,88.55,88.58,729.0
2019-08-07 14:09:00,88.63,88.67,88.63,88.656,884.0
2019-08-07 14:10:00,88.63,88.67,88.58,88.67,1311.0
2019-08-07 14:11:00,88.67,88.67,88.59,88.59,1106.0
2019-08-07 14:12:00,88.55,88.55,88.54,88.5471,1081.0
2019-08-07 14:13:00,88.52,88.56,88.52,88.56,4318.0
2019-08-07 14:14:00,88.54,88.54,88.54,88.54,555.0
2019-08-07 14:15:00,88.53,88.53,88.47,88.47,1332.0
2019-08-07 14:16:00,88.47,88.47,88.32,88.32,3018.0
2019-08-07 14:17:00,88.35,88.38,88.32,88.38,1666.0
2019-08-07 14:18:00,88.4,88.4,88.3364,88.3364,1008.0
2019-08-07 14:19:00,88.37,88.37,88.3,88.33,2623.0
2019-08-07 14:20:00,88.34,88.35,88.28,88.3,1742.0
2019-08-07 14:21:00,88.3,88.33,88.29,88.33,2049.0
2019-08-07 14:22:00,88.37,88.37,88.325,88.325,636.0
2019-08-07 14:23:00,88.37,88.37,88.35,88.35,1135.0
2019-08-07 14:24:00,88.35,88.365,88.34,88.34,930.0
2019-08-07 14:26:00,88.33,88.34,88.32,88.32,769.0
2019-08-07 14:27:00,88.3,88.38,88.3,88.38,2138.0
2019-08-07 14:28:00,88.34,88.39,88.34,88.37,1992.0
2019-08-07 14:29:00,88.35,88.43,88.35,88.43,1212.0
2019-08-07 14:30:00,88.4613,88.49,88.4613,88.49,442.0
2019-08-07 14:31:00,88.49,88.49,88.46,88.46,1033.0
2019-08-07 14:32:00,88.5,88.5,88.5,88.5,644.0
2019-08-07 14:33:00,88.5,88.52,88.485,88.485,1291.0
2019-08-07 14:35:00,88.5,88.5,88.48,88.48,696.0
2019-08-07 14:36:00,88.49,88.5028,88.435,88.5,2999.0
2019-08-07 14:37:00,88.52,88.52,88.47,88.5,1759.0
2019-08-07 14:38:00,88.47,88.51,88.47,88.51,1118.0
2019-08-07 14:39:00,88.5,88.5,88.44,88.44,1660.0
2019-08-07 14:40:00,88.44,88.46,88.43,88.46,1615.0
2019-08-07 14:41:00,88.46,88.48,88.46,88.47,939.0
2019-08-07 14:42:00,88.46,88.5,88.46,88.5,502.0
2019-08-07 14:43:00,88.53,88.58,88.51,88.56,1539.0
2019-08-07 14:44:00,88.57,88.69,88.57,88.69,1269.0
2019-08-07 14:45:00,88.69,88.78,88.67,88.76,1541.0
2019-08-07 14:46:00,88.75,88.75,88.695,88.71,2354.0
2019-08-07 14:47:00,88.73,88.73,88.63,88.63,1712.0
2019-08-07 14:48:00,88.64,88.64,88.61,88.62,1515.0
2019-08-07 14:49:00,88.64,88.66,88.56,88.59,2747.0
2019-08-07 14:50:00,88.59,88.625,88.525,88.525,9830.0
2019-08-07 14:51:00,88.545,88.582,88.54,88.58,3273.0
2019-08-07 14:52:00,88.57,88.6,88.56,88.6,1018.0
2019-08-07 14:53:00,88.61,88.62,88.57,88.575,1635.0
2019-08-07 14:54:00,88.55,88.61,88.54,88.605,1680.0
2019-08-07 14:55:00,88.605,88.62,88.605,88.62,539.0
2019-08-07 14:56:00,88.61,88.71,88.61,88.645,3621.0
2019-08-07 14:57:00,88.62,88.645,88.61,88.645,1538.0
2019-08-07 14:58:00,88.68,88.7,88.68,88.7,373.0
2019-08-07 14:59:00,88.7,88.73,88.7,88.7,1647.0
2019-08-07 15:00:00,88.73,88.84,88.73,88.84,1524.0
2019-08-07 15:01:00,88.86,88.87,88.79,88.84,4148.0
2019-08-07 15:02:00,88.8,88.82,88.63,88.63,2757.0
2019-08-07 15:03:00,88.6,88.66,88.51,88.51,3114.0
2019-08-07 15:04:00,88.54,88.54,88.53,88.53,293.0
2019-08-07 15:05:00,88.56,88.58,88.55,88.58,1782.0
2019-08-07 15:06:00,88.61,88.625,88.59,88.6,3388.0
2019-08-07 15:07:00,88.64,88.66,88.61,88.63,1219.0
2019-08-07 15:08:00,88.67,88.67,88.635,88.66,2183.0
2019-08-07 15:09:00,88.65,88.7,88.65,88.7,683.0
2019-08-07 15:10:00,88.7,88.72,88.68,88.68,2679.0
2019-08-07 15:11:00,88.65,88.68,88.61,88.61,3526.0
2019-08-07 15:12:00,88.61,88.63,88.59,88.61,2330.0
2019-08-07 15:13:00,88.59,88.59,88.58,88.59,2229.0
2019-08-07 15:14:00,88.59,88.59,88.59,88.59,307.0
2019-08-07 15:15:00,88.63,88.64,88.59,88.59,2410.0
2019-08-07 15:16:00,88.62,88.63,88.54,88.54,3201.0
2019-08-07 15:17:00,88.54,88.54,88.48,88.48,1336.0
2019-08-07 15:18:00,88.5,88.54,88.5,88.53,923.0
2019-08-07 15:19:00,88.56,88.63,88.56,88.63,1578.0
2019-08-07 15:20:00,88.655,88.72,88.655,88.69,2769.0
2019-08-07 15:21:00,88.71,88.77,88.71,88.77,1099.0
2019-08-07 15:22:00,88.8,88.8,88.76,88.76,2155.0
2019-08-07 15:23:00,88.76,88.76,88.72,88.74,1931.0
2019-08-07 15:24:00,88.75,88.76,88.73,88.73,566.0
2019-08-07 15:25:00,88.7212,88.7212,88.68,88.71,1922.0
2019-08-07 15:26:00,88.72,88.74,88.65,88.65,2950.0
2019-08-07 15:27:00,88.69,88.71,88.66,88.71,1368.0
2019-08-07 15:28:00,88.71,88.72,88.71,88.72,636.0
2019-08-07 15:29:00,88.72,88.73,88.72,88.73,599.0
2019-08-07 15:30:00,88.75,88.82,88.75,88.805,1412.0
2019-08-07 15:31:00,88.84,88.97,88.84,88.93,3461.0
2019-08-07 15:32:00,88.91,88.93,88.87,88.87,4290.0
2019-08-07 15:33:00,88.89,88.92,88.85,88.915,2981.0
2019-08-07 15:34:00,88.93,88.95,88.92,88.95,1390.0
2019-08-07 15:35:00,88.925,88.98,88.925,88.96,2376.0
2019-08-07 15:36:00,88.93,88.94,88.84,88.8625,4143.0
2019-08-07 15:37:00,88.92,88.97,88.92,88.97,1640.0
2019-08-07 15:38:00,88.99,88.99,88.9,88.91,3889.0
2019-08-07 15:39:00,88.91,88.945,88.89,88.9,3407.0
2019-08-07 15:40:00,88.9,88.95,88.87,88.91,2685.0
2019-08-07 15:41:00,88.89,88.91,88.86,88.89,4781.0
2019-08-07 15:42:00,88.89,88.89,88.81,88.81,3027.0
2019-08-07 15:43:00,88.8,88.815,88.78,88.81,5537.0
2019-08-07 15:44:00,88.815,88.815,88.75,88.78,2942.0
2019-08-07 15:45:00,88.79,88.79,88.765,88.785,1823.0
2019-08-07 15:46:00,88.76,88.76,88.71,88.73,3314.0
2019-08-07 15:47:00,88.74,88.77,88.68,88.68,15409.0
2019-08-07 15:48:00,88.67,88.7,88.65,88.68,2318.0
2019-08-07 15:49:00,88.67,88.68,88.5707,88.5707,5008.0
2019-08-07 15:50:00,88.57,88.59,88.55,88.56,3804.0
2019-08-07 15:51:00,88.51,88.54,88.43,88.475,8943.0
2019-08-07 15:52:00,88.5,88.5,88.44,88.45,6660.0
2019-08-07 15:53:00,88.46,88.48,88.44,88.44,7019.0
2019-08-07 15:54:00,88.44,88.47,88.42,88.46,6334.0
2019-08-07 15:55:00,88.44,88.45,88.4,88.42,5986.0
2019-08-07 15:56:00,88.4,88.52,88.38,88.52,12941.0
2019-08-07 15:57:00,88.52,88.58,88.505,88.58,5905.0
2019-08-07 15:58:00,88.57,88.6,88.53,88.59,12752.0
2019-08-07 15:59:00,88.6,88.63,88.57,88.63,12776.0
2019-08-07 16:00:00,88.6,88.63,88.31,88.32,104682.0
2019-08-08 09:32:00,89.0562,89.0562,89.0562,89.0562,7655.0
2019-08-08 09:33:00,88.9,88.9,88.9,88.9,155.0
2019-08-08 09:34:00,89.15,89.2,89.135,89.2,3181.0
2019-08-08 09:35:00,89.23,89.33,89.23,89.33,627.0
2019-08-08 09:36:00,89.22,89.22,89.22,89.22,1323.0
2019-08-08 09:37:00,89.3,89.31,89.3,89.31,262.0
2019-08-08 09:38:00,89.2803,89.286,89.16,89.16,1856.0
2019-08-08 09:40:00,89.25,89.25,89.25,89.25,840.0
2019-08-08 09:41:00,89.11,89.11,89.11,89.11,100.0
2019-08-08 09:42:00,89.16,89.24,89.16,89.24,929.0
2019-08-08 09:43:00,89.18,89.25,89.1,89.1,918.0
2019-08-08 09:45:00,89.06,89.1,89.06,89.06,506.0
2019-08-08 09:46:00,89.06,89.06,89.0,89.0,2201.0
2019-08-08 09:47:00,89.06,89.07,89.03,89.03,1400.0
2019-08-08 09:49:00,88.9952,88.9952,88.9952,88.9952,631.0
2019-08-08 09:50:00,89.06,89.06,89.06,89.06,120.0
2019-08-08 09:51:00,89.03,89.03,88.92,88.92,677.0
2019-08-08 09:52:00,88.97,88.97,88.93,88.93,1600.0
2019-08-08 09:53:00,89.03,89.03,89.02,89.02,774.0
2019-08-08 09:54:00,89.07,89.13,89.07,89.08,802.0
2019-08-08 09:56:00,89.09,89.09,89.08,89.08,958.0
2019-08-08 09:57:00,89.13,89.13,89.13,89.13,116.0
2019-08-08 09:58:00,89.11,89.11,89.11,89.11,100.0
2019-08-08 09:59:00,89.24,89.3,89.24,89.3,2186.0
2019-08-08 10:00:00,89.22,89.22,89.22,89.22,711.0
2019-08-08 10:01:00,89.2,89.2,89.17,89.17,463.0
2019-08-08 10:02:00,89.12,89.12,89.11,89.12,353.0
2019-08-08 10:03:00,89.12,89.18,89.12,89.18,646.0
2019-08-08 10:05:00,89.16,89.17,89.14,89.14,724.0
2019-08-08 10:06:00,89.1,89.115,89.1,89.115,720.0
2019-08-08 10:07:00,89.05,89.05,89.05,89.05,178.0
2019-08-08 10:08:00,89.06,89.08,89.06,89.07,806.0
2019-08-08 10:09:00,89.1,89.1,89.08,89.08,613.0
2019-08-08 10:10:00,89.1437,89.26,89.1437,89.25,470.0
2019-08-08 10:11:00,89.29,89.32,89.26,89.29,1596.0
2019-08-08 10:12:00,89.29,89.29,89.26,89.28,1256.0
2019-08-08 10:13:00,89.3,89.3,89.26,89.3,771.0
2019-08-08 10:14:00,89.27,89.27,89.27,89.27,695.0
2019-08-08 10:16:00,89.33,89.33,89.16,89.16,2551.0
2019-08-08 10:17:00,89.2,89.245,89.18,89.245,1019.0
2019-08-08 10:18:00,89.23,89.25,89.19,89.19,1061.0
2019-08-08 10:20:00,89.2,89.22,89.2,89.22,339.0
2019-08-08 10:21:00,89.3187,89.3187,89.3187,89.3187,168.0
2019-08-08 10:22:00,89.3,89.3,89.3,89.3,1016.0
2019-08-08 10:23:00,89.33,89.34,89.28,89.28,1534.0
2019-08-08 10:25:00,89.27,89.28,89.27,89.28,324.0
2019-08-08 10:26:00,89.28,89.28,89.25,89.25,817.0
2019-08-08 10:27:00,89.24,89.24,89.24,89.24,377.0
2019-08-08 10:28:00,89.21,89.21,89.21,89.21,296.0
2019-08-08 10:30:00,89.25,89.25,89.22,89.22,1226.0
2019-08-08 10:31:00,89.2351,89.2351,89.2351,89.2351,393.0
2019-08-08 10:32:00,89.21,89.29,89.21,89.29,1522.0
2019-08-08 10:33:00,89.29,89.31,89.27,89.27,2113.0
2019-08-08 10:34:00,89.28,89.28,89.24,89.24,908.0
2019-08-08 10:35:00,89.27,89.27,89.27,89.27,138.0
2019-08-08 10:36:00,89.27,89.29,89.25,89.25,1339.0
2019-08-08 10:37:00,89.24,89.27,89.24,89.265,865.0
2019-08-08 10:38:00,89.25,89.25,89.22,89.22,944.0
2019-08-08 10:39:00,89.225,89.27,89.225,89.24,2676.0
2019-08-08 10:40:00,89.27,89.27,89.27,89.27,373.0
2019-08-08 10:41:00,89.28,89.28,89.26,89.26,508.0
2019-08-08 10:42:00,89.31,89.31,89.3,89.3,936.0
2019-08-08 10:43:00,89.3,89.3277,89.29,89.3277,1113.0
2019-08-08 10:45:00,89.31,89.31,89.3,89.3,550.0
2019-08-08 10:46:00,89.33,89.33,89.29,89.29,1404.0
2019-08-08 10:47:00,89.29,89.29,89.25,89.26,1034.0
2019-08-08 10:48:00,89.25,89.25,89.15,89.22,2785.0
2019-08-08 10:49:00,89.24,89.24,89.24,89.24,428.0
2019-08-08 10:51:00,89.32,89.375,89.32,89.37,1462.0
2019-08-08 10:52:00,89.41,89.42,89.38,89.4,1633.0
2019-08-08 10:55:00,89.405,89.42,89.39,89.42,916.0
2019-08-08 10:56:00,89.42,89.46,89.41,89.4554,2026.0
2019-08-08 10:57:00,89.49,89.49,89.49,89.49,192.0
2019-08-08 10:58:00,89.47,89.52,89.47,89.52,4043.0
2019-08-08 10:59:00,89.5,89.5,89.5,89.5,507.0
2019-08-08 11:00:00,89.5,89.5,89.48,89.48,694.0
2019-08-08 11:01:00,89.475,89.48,89.45,89.48,3639.0
2019-08-08 11:03:00,89.5,89.5,89.495,89.495,1351.0
2019-08-08 11:04:00,89.49,89.49,89.45,89.45,1404.0
2019-08-08 11:05:00,89.45,89.46,89.405,89.42,15281.0
2019-08-08 11:06:00,89.41,89.44,89.39,89.39,4066.0
2019-08-08 11:07:00,89.39,89.39,89.34,89.34,2396.0
2019-08-08 11:08:00,89.35,89.35,89.33,89.33,300.0
2019-08-08 11:10:00,89.25,89.25,89.25,89.25,4607.0
2019-08-08 11:11:00,89.26,89.26,89.25,89.26,944.0
2019-08-08 11:12:00,89.3,89.33,89.28,89.33,2447.0
2019-08-08 11:13:00,89.37,89.38,89.37,89.38,484.0
2019-08-08 11:14:00,89.38,89.38,89.36,89.36,902.0
2019-08-08 11:15:00,89.36,89.39,89.36,89.37,3403.0
2019-08-08 11:16:00,89.37,89.37,89.34,89.34,1370.0
2019-08-08 11:17:00,89.35,89.46,89.35,89.46,1189.0
2019-08-08 11:18:00,89.48,89.48,89.48,89.48,848.0
2019-08-08 11:19:00,89.5,89.5,89.5,89.5,100.0
2019-08-08 11:20:00,89.5,89.5,89.49,89.49,795.0
2019-08-08 11:21:00,89.51,89.525,89.51,89.525,272.0
2019-08-08 11:22:00,89.52,89.54,89.52,89.53,584.0
2019-08-08 11:23:00,89.53,89.53,89.53,89.53,749.0
2019-08-08 11:24:00,89.54,89.54,89.54,89.54,609.0
2019-08-08 11:25:00,89.54,89.54,89.53,89.53,693.0
2019-08-08 11:26:00,89.52,89.52,89.52,89.52,808.0
2019-08-08 11:27:00,89.53,89.63,89.53,89.63,1147.0
2019-08-08 11:28:00,89.67,89.7,89.67,89.695,665.0
2019-08-08 11:29:00,89.71,89.7116,89.67,89.67,2230.0
2019-08-08 11:30:00,89.67,89.7,89.67,89.7,749.0
2019-08-08 11:31:00,89.69,89.6993,89.69,89.6993,422.0
2019-08-08 11:32:00,89.7,89.74,89.7,89.74,529.0
2019-08-08 11:34:00,89.75,89.77,89.73,89.77,1650.0
2019-08-08 11:35:00,89.755,89.755,89.75,89.75,688.0
2019-08-08 11:36:00,89.72,89.72,89.72,89.72,2260.0
2019-08-08 11:37:00,89.71,89.71,89.71,89.71,200.0
2019-08-08 11:38:00,89.7,89.7,89.7,89.7,928.0
2019-08-08 11:39:00,89.73,89.73,89.73,89.73,343.0
2019-08-08 11:40:00,89.77,89.81,89.77,89.81,1143.0
2019-08-08 11:41:00,89.8,89.84,89.8,89.84,358.0
2019-08-08 11:42:00,89.8369,89.8369,89.8369,89.8369,371.0
2019-08-08 11:43:00,89.86,89.875,89.86,89.875,555.0
2019-08-08 11:44:00,89.89,89.89,89.86,89.86,1076.0
2019-08-08 11:46:00,89.89,89.9,89.89,89.9,799.0
2019-08-08 11:47:00,89.9,89.9,89.9,89.9,540.0
2019-08-08 11:48:00,89.9,89.91,89.88,89.88,957.0
2019-08-08 11:49:00,89.88,89.93,89.88,89.92,2120.0
2019-08-08 11:50:00,89.9,89.9264,89.9,89.91,853.0
2019-08-08 11:51:00,89.9,89.91,89.88,89.91,1363.0
2019-08-08 11:52:00,89.92,89.92,89.915,89.915,318.0
2019-08-08 11:53:00,89.92,89.925,89.9,89.9,762.0
2019-08-08 11:54:00,89.89,89.89,89.88,89.88,629.0
2019-08-08 11:55:00,89.92,89.96,89.9,89.93,2042.0
2019-08-08 11:56:00,89.92,89.94,89.9,89.94,1763.0
2019-08-08 11:57:00,89.93,89.98,89.93,89.9689,1176.0
2019-08-08 11:58:00,89.98,89.98,89.95,89.95,1075.0
2019-08-08 11:59:00,89.9349,89.94,89.9349,89.94,439.0
2019-08-08 12:00:00,89.99,89.99,89.97,89.97,659.0
2019-08-08 12:01:00,89.99,90.01,89.98,89.98,1439.0
2019-08-08 12:02:00,90.01,90.01,89.99,89.99,834.0
2019-08-08 12:03:00,90.01,90.01,89.94,89.95,911.0
2019-08-08 12:04:00,89.95,89.95,89.95,89.95,216.0
2019-08-08 12:05:00,89.98,89.99,89.97,89.99,538.0
2019-08-08 12:06:00,89.99,90.01,89.99,90.0,940.0
2019-08-08 12:08:00,90.03,90.03,90.03,90.03,153.0
2019-08-08 12:09:00,90.03,90.03,90.01,90.02,1017.0
2019-08-08 12:10:00,90.04,90.06,90.04,90.05,1527.0
2019-08-08 12:11:00,90.06,90.06,90.06,90.06,431.0
2019-08-08 12:13:00,90.07,90.07,90.03,90.03,1403.0
2019-08-08 12:14:00,90.02,90.02,90.01,90.01,570.0
2019-08-08 12:15:00,89.98,90.01,89.98,90.0,1450.0
2019-08-08 12:16:00,90.02,90.02,90.02,90.02,385.0
2019-08-08 12:17:00,90.09,90.09,90.09,90.09,269.0
2019-08-08 12:18:00,90.08,90.08,90.08,90.08,876.0
2019-08-08 12:19:00,90.09,90.1,90.09,90.1,413.0
2019-08-08 12:20:00,90.11,90.11,90.07,90.09,1763.0
2019-08-08 12:21:00,90.08,90.08,90.08,90.08,630.0
2019-08-08 12:22:00,90.1,90.1,90.08,90.08,332.0
2019-08-08 12:23:00,90.07,90.07,90.07,90.07,683.0
2019-08-08 12:24:00,90.11,90.11,90.11,90.11,376.0
2019-08-08 12:25:00,90.13,90.13,90.1,90.1,1027.0
2019-08-08 12:26:00,90.11,90.15,90.11,90.15,845.0
2019-08-08 12:27:00,90.13,90.13,90.13,90.13,126.0
2019-08-08 12:28:00,90.1612,90.17,90.1612,90.17,803.0
2019-08-08 12:29:00,90.15,90.15,90.12,90.12,905.0
2019-08-08 12:30:00,90.13,90.13,90.12,90.12,548.0
2019-08-08 12:31:00,90.14,90.15,90.14,90.15,716.0
2019-08-08 12:32:00,90.16,90.16,90.115,90.145,2196.0
2019-08-08 12:33:00,90.14,90.15,90.13,90.15,2513.0
2019-08-08 12:34:00,90.17,90.2,90.17,90.17,2156.0
2019-08-08 12:35:00,90.19,90.19,90.16,90.16,1386.0
2019-08-08 12:36:00,90.14,90.16,90.135,90.135,2559.0
2019-08-08 12:37:00,90.135,90.15,90.1,90.12,2823.0
2019-08-08 12:38:00,90.13,90.14,90.08,90.08,3911.0
2019-08-08 12:39:00,90.06,90.06,90.02,90.02,445.0
2019-08-08 12:40:00,90.04,90.06,90.0324,90.0324,1333.0
2019-08-08 12:41:00,90.0334,90.0334,90.02,90.02,520.0
2019-08-08 12:43:00,90.05,90.055,90.05,90.05,1104.0
2019-08-08 12:44:00,90.02,90.03,90.0,90.0,2709.0
2019-08-08 12:45:00,89.99,90.0,89.975,89.99,1868.0
2019-08-08 12:46:00,89.98,90.005,89.97,89.97,1602.0
2019-08-08 12:47:00,89.98,90.0,89.98,90.0,799.0
2019-08-08 12:48:00,90.0,90.02,89.96,89.96,2966.0
2019-08-08 12:49:00,89.95,89.97,89.95,89.97,252.0
2019-08-08 12:50:00,89.96,89.96,89.955,89.955,699.0
2019-08-08 12:51:00,89.96,89.99,89.96,89.975,1915.0
2019-08-08 12:52:00,89.998,89.998,89.998,89.998,209.0
2019-08-08 12:53:00,90.0,90.0,89.99,89.99,600.0
2019-08-08 12:54:00,90.01,90.01,89.98,89.98,1535.0
2019-08-08 12:55:00,89.98,90.02,89.98,90.005,2438.0
2019-08-08 12:57:00,90.0,90.01,90.0,90.0,1825.0
2019-08-08 12:58:00,90.0,90.01,89.99,90.0,3091.0
2019-08-08 12:59:00,90.01,90.07,90.0,90.07,4336.0
2019-08-08 13:00:00,90.09,90.12,90.09,90.09,2690.0
2019-08-08 13:01:00,90.11,90.11,90.08,90.08,1273.0
2019-08-08 13:02:00,90.1,90.11,90.08,90.1,3307.0
2019-08-08 13:03:00,90.08,90.08,90.08,90.08,605.0
2019-08-08 13:04:00,90.1,90.1,90.095,90.095,356.0
2019-08-08 13:05:00,90.105,90.1484,90.105,90.1484,1535.0
2019-08-08 13:06:00,90.12,90.14,90.12,90.13,1972.0
2019-08-08 13:07:00,90.13,90.15,90.1,90.1,2872.0
2019-08-08 13:08:00,90.1,90.105,90.1,90.1,814.0
2019-08-08 13:09:00,90.09,90.1,90.06,90.06,1413.0
2019-08-08 13:10:00,90.07,90.07,90.06,90.06,894.0
2019-08-08 13:11:00,90.07,90.08,90.05,90.05,1334.0
2019-08-08 13:12:00,90.06,90.06,90.05,90.05,888.0
2019-08-08 13:13:00,90.03,90.05,90.03,90.04,1219.0
2019-08-08 13:14:00,90.02,90.02,90.01,90.01,566.0
2019-08-08 13:15:00,90.0,90.03,90.0,90.03,1537.0
2019-08-08 13:16:00,90.035,90.04,90.035,90.04,1829.0
2019-08-08 13:19:00,90.05,90.05,90.02,90.02,1085.0
2019-08-08 13:20:00,90.0,90.03,90.0,90.03,797.0
2019-08-08 13:22:00,89.98,89.98,89.98,89.98,356.0
2019-08-08 13:23:00,90.0,90.04,90.0,90.04,1647.0
2019-08-08 13:24:00,90.02,90.02,90.02,90.02,248.0
2019-08-08 13:25:00,90.01,90.01,90.01,90.01,703.0
2019-08-08 13:26:00,90.01,90.01,89.95,89.95,1628.0
2019-08-08 13:27:00,89.98,89.98,89.96,89.96,1435.0
2019-08-08 13:28:00,89.94,89.94,89.92,89.925,730.0
2019-08-08 13:29:00,89.93,89.93,89.89,89.9,1741.0
2019-08-08 13:30:00,89.9,89.91,89.88,89.88,1146.0
2019-08-08 13:31:00,89.87,89.88,89.87,89.88,873.0
2019-08-08 13:32:00,89.88,89.91,89.88,89.91,639.0
2019-08-08 13:34:00,89.95,89.96,89.95,89.96,974.0
2019-08-08 13:35:00,89.98,89.98,89.93,89.93,1743.0
2019-08-08 13:37:00,89.95,89.9557,89.95,89.95,1004.0
2019-08-08 13:38:00,89.94,89.97,89.93,89.94,1705.0
2019-08-08 13:39:00,89.92,89.92,89.91,89.91,638.0
2019-08-08 13:40:00,89.92,89.92,89.9,89.9,1198.0
2019-08-08 13:41:00,89.92,89.97,89.92,89.97,1636.0
2019-08-08 13:42:00,89.97,90.04,89.97,90.04,2050.0
2019-08-08 13:43:00,90.06,90.06,90.06,90.06,1445.0
2019-08-08 13:45:00,90.06,90.06,90.05,90.05,956.0
2019-08-08 13:46:00,90.0298,90.0298,89.97,89.97,1803.0
2019-08-08 13:47:00,89.9632,89.98,89.9632,89.98,1588.0
2019-08-08 13:48:00,90.0,90.0,89.99,89.99,622.0
2019-08-08 13:49:00,89.96,89.96,89.96,89.96,216.0
2019-08-08 13:50:00,89.98,89.98,89.98,89.98,906.0
2019-08-08 13:51:00,89.97,90.01,89.9687,90.01,802.0
2019-08-08 13:52:00,90.01,90.01,90.01,90.01,526.0
2019-08-08 13:53:00,90.08,90.09,90.06,90.09,1400.0
2019-08-08 13:54:00,90.1,90.1,90.09,90.1,1108.0
2019-08-08 13:55:00,90.145,90.145,90.145,90.145,402.0
2019-08-08 13:56:00,90.17,90.17,90.16,90.16,411.0
2019-08-08 13:57:00,90.16,90.16,90.14,90.14,880.0
2019-08-08 13:58:00,90.13,90.14,90.13,90.14,1546.0
2019-08-08 13:59:00,90.13,90.13,90.09,90.09,615.0
2019-08-08 14:00:00,90.1,90.1,90.07,90.07,562.0
2019-08-08 14:01:00,90.1,90.1,90.0,90.0,1978.0
2019-08-08 14:02:00,89.98,89.98,89.98,89.98,413.0
2019-08-08 14:03:00,89.98,89.98,89.96,89.96,624.0
2019-08-08 14:04:00,89.93,89.93,89.92,89.92,2495.0
2019-08-08 14:05:00,89.94,89.95,89.94,89.95,788.0
2019-08-08 14:06:00,89.96,89.96,89.93,89.93,844.0
2019-08-08 14:07:00,89.91,89.98,89.91,89.98,2125.0
2019-08-08 14:08:00,89.96,89.97,89.96,89.97,351.0
2019-08-08 14:09:00,89.94,89.94,89.908,89.908,555.0
2019-08-08 14:10:00,89.88,89.88,89.875,89.875,553.0
2019-08-08 14:11:00,89.9,89.91,89.9,89.9,1108.0
2019-08-08 14:12:00,89.89,89.89,89.89,89.89,219.0
2019-08-08 14:13:00,89.9,89.93,89.9,89.9,1130.0
2019-08-08 14:14:00,89.9126,89.9126,89.9126,89.9126,122.0
2019-08-08 14:15:00,89.91,89.935,89.89,89.935,1046.0
2019-08-08 14:16:00,89.94,89.96,89.94,89.96,415.0
2019-08-08 14:17:00,89.95,89.95,89.92,89.92,1339.0
2019-08-08 14:18:00,89.9,89.93,89.9,89.92,645.0
2019-08-08 14:19:00,89.92,89.92,89.92,89.92,180.0
2019-08-08 14:20:00,89.94,89.94,89.9,89.92,1561.0
2019-08-08 14:21:00,89.93,89.94,89.91,89.94,2262.0
2019-08-08 14:22:00,89.91,89.91,89.91,89.91,183.0
2019-08-08 14:23:00,89.92,89.94,89.92,89.93,1715.0
2019-08-08 14:24:00,89.93,89.99,89.92,89.99,1413.0
2019-08-08 14:25:00,89.96,89.965,89.93,89.93,1762.0
2019-08-08 14:26:00,89.98,89.98,89.95,89.95,433.0
2019-08-08 14:27:00,89.95,89.95,89.95,89.95,402.0
2019-08-08 14:28:00,89.96,89.96,89.93,89.93,643.0
2019-08-08 14:29:00,89.94,89.94,89.94,89.94,302.0
2019-08-08 14:30:00,89.94,89.94,89.94,89.94,826.0
2019-08-08 14:31:00,89.94,90.005,89.94,90.005,924.0
2019-08-08 14:32:00,90.03,90.03,90.03,90.03,216.0
2019-08-08 14:33:00,90.04,90.04,90.02,90.04,1273.0
2019-08-08 14:34:00,90.04,90.08,90.04,90.08,268.0
2019-08-08 14:35:00,90.07,90.07,90.0,90.0,1481.0
2019-08-08 14:36:00,89.98,90.01,89.98,89.98,1169.0
2019-08-08 14:37:00,89.96,90.0,89.96,90.0,1052.0
2019-08-08 14:38:00,89.98,90.04,89.98,90.04,754.0
2019-08-08 14:39:00,90.035,90.04,90.03,90.03,1350.0
2019-08-08 14:40:00,90.03,90.05,90.03,90.05,476.0
2019-08-08 14:41:00,90.06,90.06,90.01,90.01,1176.0
2019-08-08 14:42:00,90.01,90.03,90.0,90.03,3052.0
2019-08-08 14:44:00,90.07,90.09,90.07,90.09,797.0
2019-08-08 14:45:00,90.07,90.07,90.06,90.06,466.0
2019-08-08 14:46:00,90.06,90.06,90.06,90.06,569.0
2019-08-08 14:47:00,90.04,90.04,90.02,90.02,1207.0
2019-08-08 14:49:00,90.02,90.02,90.01,90.01,883.0
2019-08-08 14:50:00,89.995,89.995,89.92,89.97,3236.0
2019-08-08 14:51:00,89.97,90.01,89.97,90.01,2129.0
2019-08-08 14:52:00,90.05,90.12,90.05,90.11,3688.0
2019-08-08 14:53:00,90.12,90.17,90.11,90.15,1329.0
2019-08-08 14:54:00,90.17,90.17,90.15,90.15,573.0
2019-08-08 14:55:00,90.14,90.14,90.11,90.11,1065.0
2019-08-08 14:56:00,90.08,90.14,90.08,90.14,1335.0
2019-08-08 14:57:00,90.18,90.19,90.18,90.19,731.0
2019-08-08 14:58:00,90.16,90.19,90.16,90.17,1094.0
2019-08-08 14:59:00,90.155,90.155,90.14,90.15,1413.0
2019-08-08 15:00:00,90.12,90.13,90.11,90.11,993.0
2019-08-08 15:01:00,90.11,90.1718,90.11,90.1718,1595.0
2019-08-08 15:02:00,90.17,90.175,90.16,90.175,437.0
2019-08-08 15:03:00,90.16,90.19,90.16,90.19,1056.0
2019-08-08 15:04:00,90.19,90.2,90.185,90.2,1398.0
2019-08-08 15:05:00,90.2,90.22,90.2,90.22,422.0
2019-08-08 15:06:00,90.19,90.25,90.19,90.25,3809.0
2019-08-08 15:07:00,90.23,90.2419,90.23,90.2419,1226.0
2019-08-08 15:08:00,90.23,90.23,90.19,90.19,1901.0
2019-08-08 15:09:00,90.21,90.23,90.2,90.23,1664.0
2019-08-08 15:10:00,90.245,90.245,90.19,90.19,1415.0
2019-08-08 15:11:00,90.205,90.205,90.17,90.18,1242.0
2019-08-08 15:12:00,90.185,90.2,90.1,90.1,2216.0
2019-08-08 15:13:00,90.115,90.15,90.1,90.135,1194.0
2019-08-08 15:14:00,90.17,90.17,90.145,90.145,956.0
2019-08-08 15:15:00,90.16,90.17,90.13,90.13,886.0
2019-08-08 15:16:00,90.13,90.135,90.08,90.1,2469.0
2019-08-08 15:17:00,90.1,90.11,90.08,90.08,862.0
2019-08-08 15:18:00,90.075,90.11,90.075,90.11,1253.0
2019-08-08 15:19:00,90.11,90.13,90.11,90.13,1381.0
2019-08-08 15:20:00,90.122,90.13,90.11,90.13,828.0
2019-08-08 15:21:00,90.11,90.12,90.1,90.1,2016.0
2019-08-08 15:22:00,90.12,90.16,90.12,90.15,1353.0
2019-08-08 15:23:00,90.15,90.165,90.13,90.16,1488.0
2019-08-08 15:24:00,90.14,90.19,90.13,90.18,1879.0
2019-08-08 15:25:00,90.19,90.2,90.18,90.19,1369.0
2019-08-08 15:26:00,90.18,90.19,90.16,90.16,3510.0
2019-08-08 15:27:00,90.13,90.13,90.08,90.09,1765.0
2019-08-08 15:28:00,90.16,90.16,90.145,90.145,731.0
2019-08-08 15:29:00,90.18,90.195,90.17,90.19,1991.0
2019-08-08 15:30:00,90.2,90.22,90.19,90.19,2190.0
2019-08-08 15:31:00,90.19,90.21,90.17,90.18,1982.0
2019-08-08 15:32:00,90.2,90.21,90.15,90.16,2782.0
2019-08-08 15:33:00,90.18,90.25,90.18,90.24,2071.0
2019-08-08 15:34:00,90.245,90.25,90.194,90.22,3144.0
2019-08-08 15:35:00,90.21,90.225,90.19,90.225,2446.0
2019-08-08 15:36:00,90.24,90.24,90.21,90.24,1064.0
2019-08-08 15:37:00,90.23,90.23,90.19,90.2148,2050.0
2019-08-08 15:38:00,90.235,90.235,90.19,90.2,2319.0
2019-08-08 15:39:00,90.21,90.22,90.21,90.22,1080.0
2019-08-08 15:40:00,90.21,90.25,90.19,90.25,3265.0
2019-08-08 15:41:00,90.245,90.39,90.245,90.39,6393.0
2019-08-08 15:42:00,90.37,90.39,90.35,90.385,2625.0
2019-08-08 15:43:00,90.385,90.4,90.37,90.4,4122.0
2019-08-08 15:44:00,90.4,90.4,90.35,90.355,2346.0
2019-08-08 15:45:00,90.37,90.41,90.37,90.4,2527.0
2019-08-08 15:46:00,90.395,90.41,90.37,90.37,9494.0
2019-08-08 15:47:00,90.37,90.37,90.2979,90.2979,5243.0
2019-08-08 15:48:00,90.3,90.3,90.23,90.25,5085.0
2019-08-08 15:49:00,90.255,90.3,90.255,90.29,3328.0
2019-08-08 15:50:00,90.27,90.27,90.245,90.245,2806.0
2019-08-08 15:51:00,90.23,90.26,90.2,90.22,6859.0
2019-08-08 15:52:00,90.2,90.2,90.165,90.18,7830.0
2019-08-08 15:53:00,90.19,90.2,90.16,90.2,6420.0
2019-08-08 15:54:00,90.21,90.24,90.21,90.24,2817.0
2019-08-08 15:55:00,90.23,90.23,90.2,90.21,5967.0
2019-08-08 15:56:00,90.21,90.27,90.16,90.19,14055.0
2019-08-08 15:57:00,90.19,90.19,90.15,90.18,7972.0
2019-08-08 15:58:00,90.18,90.21,90.13,90.18,9416.0
2019-08-08 15:59:00,90.1501,90.23,90.1501,90.23,8692.0
2019-08-08 16:00:00,90.24,90.3,90.15,90.21,34071.0
